,molecule_chembl_id,canonical_smiles,class,MW,LogP,NumHDonors,NumHAcceptors,pIC50
0,CHEMBL152758,CC(N[C@H](C)C(=O)N1CCC[C@H]1C(=O)O)C(=O)O,active,258.27399999999994,-0.48679999999999884,3.0,4.0,7.045757490560675
1,CHEMBL291381,O=C(CCC(=O)N1CCCC1C(=O)O)NO,inactive,230.22000000000003,-0.6523999999999988,3.0,4.0,4.301029995663981
2,CHEMBL358439,C[C@@H](NCC(=O)O)C(=O)N1CCC[C@H]1C(=O)O,intermediate,244.24699999999996,-0.8752999999999991,3.0,4.0,5.619788758288394
3,CHEMBL1237,NCCCC[C@H](N[C@@H](CCc1ccccc1)C(=O)O)C(=O)N1CCC[C@H]1C(=O)O,active,405.49500000000023,1.2352000000000007,4.0,5.0,8.920818753952375
4,CHEMBL293213,CC(CCC(=O)N1CCCC1C(=O)O)C(=O)O,inactive,243.259,0.5628999999999996,2.0,3.0,3.585026652029182
5,CHEMBL62678,C[C@@H](CCC(=O)O)C(=O)N1CCCC1C(=O)O,intermediate,243.25899999999996,0.5628999999999997,2.0,3.0,5.309803919971486
6,CHEMBL577,C[C@H](N[C@@H](CCc1ccccc1)C(=O)O)C(=O)N1CCC[C@H]1C(=O)O,active,348.39900000000017,1.1261000000000003,3.0,4.0,8.920818753952375
7,CHEMBL10973,O=C(NC(Cc1ccccc1)C(=O)CCC(=O)N1CCCC1c1nn[nH]n1)c1ccccc1,inactive,446.51100000000014,2.253799999999999,2.0,6.0,4.657577319177793
8,CHEMBL11795,CC(=O)SCC1CCCN(CC(=O)O)C1=O,inactive,245.29999999999995,0.5893000000000002,1.0,4.0,4.0
9,CHEMBL11507,O=C(O)CN1CCC(CS)C1=O,intermediate,189.236,-0.15070000000000022,2.0,3.0,5.431798275933005
10,CHEMBL12006,CC(=O)SCC1CCCN(C(C(=O)O)c2ccccc2)C1=O,inactive,321.398,2.3306000000000004,1.0,4.0,4.721246399047171
11,CHEMBL10690,O=C(NC(Cc1ccccc1)C(=O)CCC(=O)N1CCCC1P(=O)(O)O)c1ccccc1,inactive,458.45100000000014,2.5032000000000014,3.0,4.0,4.0
12,CHEMBL416339,CC(=O)SCC1CCCN(C(C)C(=O)O)C1=O,inactive,259.327,0.9778000000000002,1.0,4.0,4.455931955649724
13,CHEMBL1560,C[C@H](CS)C(=O)N1CCC[C@H]1C(=O)O,active,217.28999999999996,0.6279000000000001,2.0,3.0,7.920818753952375
14,CHEMBL75433,CCCCC(CC(=O)NO)[S+]([O-])c1ccccc1,inactive,269.366,2.2485,2.0,3.0,4.0
15,CHEMBL1788203,CCCC[C@H](CC(=O)NO)S(=O)(=O)c1ccccc1,inactive,285.365,1.9145999999999999,2.0,4.0,4.468521082957745
16,CHEMBL263501,CCCCC(CC(=O)NO)S(=O)(=O)c1ccccc1,inactive,285.365,1.9145999999999999,2.0,4.0,4.0915149811213505
17,CHEMBL2092878,CCCC[C@@H](CC(=O)NO)S(=O)(=O)c1ccccc1,inactive,285.365,1.9145999999999999,2.0,4.0,4.0
18,CHEMBL416147,O=C(NC(Cc1ccccc1)C(=O)CCC(=O)N1CCC[C@H]1C(=O)O)c1ccccc1,active,422.48100000000017,2.4525999999999994,2.0,4.0,7.154901959985743
19,CHEMBL77258,CCCCC(CC(=O)NO)S(=O)(=O)C1CCCCC1,inactive,291.41300000000007,2.1881999999999993,2.0,4.0,4.0
20,CHEMBL11707,O=C(O)CN1CCCC(CS)C1=O,active,203.263,0.2393999999999999,2.0,3.0,6.0
21,CHEMBL11783,CC(=O)SCC1CCN(CC(=O)O)C1=O,inactive,231.27299999999997,0.1992,1.0,4.0,4.481486060122112
22,CHEMBL416706,CCCC(C(=O)O)N1CCCC(CSC(C)=O)C1=O,inactive,287.38100000000003,1.758,1.0,4.0,4.522878745280337
23,CHEMBL274553,O=C(NC(Cc1ccccc1)C(=O)CCC(=O)N1CCCC1C(=O)NO)c1ccccc1,intermediate,437.49600000000015,1.8733999999999997,3.0,5.0,5.795880017344075
24,CHEMBL275702,NCCCCC(NC(=O)C1CCC1)C(=O)NC(Cc1ccccc1)C(=O)CCC(=O)N1CCCC1C(=O)NO.O=C(O)C(F)(F)F,active,543.6650000000004,0.9735000000000043,5.0,7.0,7.958607314841775
25,CHEMBL274550,NCCCCC(NC(=O)C1CCC1)C(=O)NC(Cc1ccccc1)C(=O)CCC(=O)N1CCCC1C(=O)O.O=C(O)C(F)(F)F,active,528.6500000000004,1.5527000000000022,4.0,6.0,8.119186407719209
26,CHEMBL78001,CCCCC(CC(=O)NO)S(=O)(=O)c1ccc2ccccc2c1,inactive,335.42500000000007,3.067800000000001,2.0,4.0,4.906578314837765
27,CHEMBL301364,O=C(O)CCN1C(=O)[C@@H](NC(=O)[C@@H](S)Cc2ccccc2)CCc2ccccc21,active,412.5110000000002,2.4664,3.0,4.0,7.443697499232712
28,CHEMBL287896,C[C@H](NC(=O)[C@@H](S)Cc1ccccc1)C(=O)N1CCC[C@H]1C(=O)O,active,350.44000000000017,1.1078,3.0,4.0,7.522878745280337
29,CHEMBL50559,C[C@@H]1Oc2ccccc2N(CC(=O)O)C(=O)[C@H]1NC(=O)[C@@H](S)Cc1ccccc1,active,414.48300000000006,1.9109999999999998,3.0,5.0,7.443697499232712
30,CHEMBL299441,O=C(O)CCN1C(=O)[C@@H](NC(=O)[C@@H](S)Cc2ccccc2)CSc2ccccc21,active,430.55100000000016,2.6259000000000015,3.0,5.0,7.853871964321762
31,CHEMBL299181,C[C@H](NC(=O)[C@@H](CS)Cc1ccccc1)C(=O)N1CCC[C@H]1C(=O)O,active,364.46700000000016,1.3553999999999997,3.0,4.0,8.397940008672037
32,CHEMBL52733,C[C@H]1Oc2ccccc2N(CCC(=O)O)C(=O)[C@H]1NC(=O)[C@@H](S)Cc1ccccc1,active,428.51000000000005,2.3011,3.0,5.0,7.7447274948966935
33,CHEMBL301751,O=C(O)CCN1C(=O)[C@@H](NC(=O)[C@@H](S)Cc2ccccc2)COc2ccccc21,active,414.4830000000002,1.9125999999999996,3.0,5.0,7.508638306165727
34,CHEMBL298388,O=C(O)CN1C(=O)[C@@H](NC(=O)[C@@H](S)Cc2ccccc2)CSc2ccccc21,active,416.5240000000001,2.2358000000000002,3.0,5.0,7.886056647693163
35,CHEMBL51389,O=C(O)CN1C(=O)[C@@H](NC(=O)[C@@H](CS)Cc2ccccc2)COc2ccccc21,active,414.4830000000001,1.7700999999999998,3.0,5.0,8.356547323513812
36,CHEMBL299639,O=C(O)CN1C(=O)[C@@H](NC(=O)[C@@H](S)Cc2ccccc2)CCc2ccccc21,active,398.48400000000015,2.0763,3.0,4.0,7.920818753952375
37,CHEMBL53879,C[C@H]1Oc2ccccc2N(CC(=O)O)C(=O)[C@H]1NC(=O)[C@@H](S)Cc1ccccc1,active,414.48300000000006,1.9109999999999998,3.0,5.0,7.886056647693163
38,CHEMBL54036,O=C(O)CN1C(=O)[C@@H](NC(=O)[C@@H](S)Cc2ccccc2)COc2ccccc21,active,400.45600000000013,1.5225,3.0,5.0,7.552841968657781
39,CHEMBL310200,COc1ccc(CSC[C@@H](NC(=O)[C@H](CS)Cc2ccccc2)C(=O)O)cc1,active,419.5680000000001,3.286500000000001,3.0,5.0,6.5376020021010435
40,CHEMBL51438,O=C(O)CCN1C(=O)[C@@H](NC(=O)[C@@H](CS)Cc2ccccc2)CCc2ccccc21,active,426.5380000000002,2.7140000000000004,3.0,4.0,7.443697499232712
41,CHEMBL80055,Cc1ccc(CSC[C@@H](NC(=O)[C@@H](CS)Cc2ccccc2)C(=O)O)cc1C,active,417.5960000000002,3.8947400000000023,3.0,4.0,6.337242168318426
42,CHEMBL430431,Cc1ccc(CSC[C@@H](NC(=O)[C@H](CS)Cc2ccc3ccccc3c2)C(=O)O)cc1,intermediate,453.6290000000002,4.739520000000003,3.0,4.0,5.508638306165727
43,CHEMBL51780,O=C(O)CN1C(=O)[C@@H](NC(=O)[C@@H](CS)Cc2ccccc2)CSc2ccccc21,active,430.5510000000001,2.4834000000000005,3.0,5.0,7.769551078621726
44,CHEMBL51498,O=C(O)CN1C(=O)[C@@H](NC(=O)[C@@H](CS)Cc2ccccc2)CCc2ccccc21,active,412.51100000000014,2.3239,3.0,4.0,8.318758762624412
45,CHEMBL297792,Cc1ccc(C#Cc2ccc(S(=O)(=O)N[C@H](Cc3c[nH]c4ccccc34)C(=O)O)s2)cc1,active,464.56800000000015,3.9118200000000023,3.0,4.0,6.0
46,CHEMBL155874,O=C(Nc1ccc(S(=O)(=O)N[C@H](Cc2c[nH]c3ccccc23)C(=O)O)cc1)c1ccc(Br)cc1,active,542.4110000000002,4.156900000000002,4.0,4.0,6.0
47,CHEMBL160153,CSc1ccc(-n2nnc(-c3ccc(S(=O)(=O)N[C@@H](C(=O)O)C(C)C)cc3)n2)cc1,active,447.54200000000014,2.4387000000000008,2.0,8.0,6.0
48,CHEMBL440921,CSc1ccc(-c2ccc(S(=O)(=O)N[C@@H](C(=O)O)C(C)C)cc2)cc1,active,379.5030000000001,3.463000000000002,2.0,4.0,6.0
49,CHEMBL345597,O=C(O)[C@@H](Cc1c[nH]c2ccccc12)NS(=O)(=O)c1ccc(-c2nnn(-c3ccccc3)n2)cc1,active,488.5290000000002,2.7848000000000015,3.0,7.0,6.0
50,CHEMBL345200,Cc1ccc(-c2ccc(S(=O)(=O)N[C@H](Cc3c[nH]c4ccccc34)C(=O)O)s2)cc1,active,440.5460000000001,4.179020000000002,3.0,4.0,6.0
51,CHEMBL66254,O=C(N[C@H]1CCCN2CC[C@@H](C(=O)O)N2C1=O)[C@@H](S)Cc1ccccc1,active,377.46600000000007,0.7086000000000008,3.0,5.0,7.920818753952375
52,CHEMBL66481,O=C(N[C@H]1CCC(=O)N2CCC[C@@H](C(=O)O)N2C1=O)[C@@H](S)Cc1ccccc1,active,405.47600000000006,0.6253000000000006,3.0,5.0,8.154901959985743
53,CHEMBL62417,CCCN1C(=O)CC[C@H](NC(=O)[C@@H](S)Cc2ccccc2)C(=O)N1CC(=O)O,active,407.49200000000013,0.8728999999999996,3.0,5.0,8.0
54,CHEMBL63001,CN1CCC[C@H](NC(=O)[C@@H](S)Cc2ccccc2)C(=O)N1CC(=O)O,active,365.45500000000015,0.5660999999999994,3.0,5.0,7.795880017344075
55,CHEMBL304881,CN1C(=O)CC[C@H](NC(=O)[C@@H](S)Cc2ccccc2)C(=O)N1CC(=O)O,active,379.43800000000016,0.09270000000000017,3.0,5.0,7.795880017344075
56,CHEMBL305108,O=C(N[C@H]1CCC(=O)N2CC[C@@H](C(=O)O)N2C1=O)[C@@H](S)Cc1ccccc1,active,391.44900000000007,0.23520000000000074,3.0,5.0,7.698970004336019
57,CHEMBL61566,CCCN1CCC[C@H](NC(=O)[C@@H](S)Cc2ccccc2)C(=O)N1CC(=O)O,active,393.5090000000001,1.3462999999999998,3.0,5.0,8.221848749616356
58,CHEMBL65545,O=C(N[C@H]1CCCN2CCC[C@@H](C(=O)O)N2C1=O)[C@@H](S)Cc1ccccc1,active,391.49300000000005,1.0987000000000007,3.0,5.0,8.096910013008056
59,CHEMBL417034,O=C(O)CN1NCCC[C@H](NC(=O)[C@@H](S)Cc2ccccc2)C1=O,active,351.4280000000001,0.22390000000000077,4.0,5.0,7.221848749616356
60,CHEMBL28361,C[C@H](NC(=O)[C@@H](N)Cc1ccccc1)C(=O)N1CCC[C@H]1C(=O)O,intermediate,333.38800000000015,0.13670000000000065,3.0,4.0,5.853871964321762
61,CHEMBL342373,CC(NC(C(=O)O)C1CCCN1C(=O)NCC(=O)O)C(=O)N1CCCC1C(=O)O,active,414.4150000000002,-1.2480999999999955,5.0,6.0,8.221848749616356
62,CHEMBL2111942,C[C@H](N[C@@H](C(=O)O)[C@H](Cc1ccccc1)NC(=O)c1ccccc1)C(=O)N1CCC[C@H]1C(=O)O,intermediate,467.5220000000003,1.534599999999999,4.0,5.0,5.853871964321762
63,CHEMBL578,CCOC(=O)[C@H](CCc1ccccc1)N[C@@H](C)C(=O)N1CCC[C@H]1C(=O)O,intermediate,376.45300000000026,1.6046,2.0,5.0,5.895171596346344
64,CHEMBL434617,CC(NC(C(=O)O)C1CCCN1C(=O)NC(CCCCN)C(=O)N1C(=O)CCC1C(=O)O)C(=O)N1CCCC1C(=O)O,active,596.6380000000004,-1.2328999999999901,6.0,9.0,8.070581074285707
65,CHEMBL136312,CC(NC(C(=O)O)C1CCCN1C(=O)NC(Cc1ccccc1)C(=O)O)C(=O)N1CCCC1C(=O)O,active,504.54000000000025,0.3632000000000028,5.0,6.0,8.267606240177031
66,CHEMBL579,C[C@H](N[C@@H](CCc1ccccc1)C(=O)O)C(=O)N1CC2(C[C@H]1C(=O)O)SCCS2,active,438.57100000000025,1.9123000000000003,3.0,6.0,9.096910013008056
67,CHEMBL2112769,C[C@H](N[C@H](C(=O)O)[C@H](Cc1ccccc1)NC(=O)c1ccccc1)C(=O)N1CCC[C@H]1C(=O)O,active,467.5220000000003,1.534599999999999,4.0,5.0,8.113509274827518
68,CHEMBL2111940,C[C@H](N[C@H](C[C@H](Cc1ccccc1)NC(=O)c1ccccc1)C(=O)O)C(=O)N1CCC[C@H]1C(=O)O,active,481.5490000000003,1.9247000000000005,4.0,5.0,8.318758762624412
69,CHEMBL1592,CCOC(=O)[C@H](CCc1ccccc1)N[C@@H](C)C(=O)N1Cc2ccccc2C[C@H]1C(=O)O,active,438.5240000000003,2.5671,2.0,5.0,8.080921907623926
70,CHEMBL139523,O=C(CCC(=O)N1CCCC1C(=O)O)CCc1ccccc1,inactive,303.358,2.0441,1.0,3.0,2.585026652029182
71,CHEMBL2112767,C[C@H](N[C@@H](CNC(=O)c1ccccc1)C(=O)O)C(=O)N1CCC[C@H]1C(=O)O,active,377.3970000000002,-0.07669999999999871,4.0,5.0,7.769551078621726
72,CHEMBL2370854,C[C@H](NC(=O)[C@H](Cc1ccccc1)NC(=O)c1ccccc1)C(=O)N1CCC[C@H]1C(=O)O,intermediate,437.49600000000027,1.6079999999999997,3.0,4.0,5.568636235841013
73,CHEMBL2370850,C[C@H](NC(=O)[C@H](Cc1ccccc1)NC(=O)[C@H](CCCCN)NC(=O)[C@@H]1CCC(=O)N1)C(=O)N1CCC[C@H]1C(=O)O,active,572.6630000000005,-0.8133999999999932,6.0,7.0,7.301029995663981
74,CHEMBL2370859,C[C@H](NC(=O)CCc1ccccc1)C(=O)N1CCC[C@H]1C(=O)O,inactive,318.37300000000005,1.1995,2.0,3.0,3.4814860601221125
75,CHEMBL335997,CC(NC(C(=O)O)C1CCCN1C(=O)c1ccccc1)C(=O)N1CCCC1C(=O)O,active,417.4620000000002,0.7981000000000009,3.0,5.0,8.537602002101044
76,CHEMBL2112768,C[C@H](N[C@@H](C[C@H](Cc1ccccc1)NC(=O)c1ccccc1)C(=O)O)C(=O)N1CCC[C@H]1C(=O)O,active,481.5490000000003,1.9247000000000005,4.0,5.0,8.522878745280337
77,CHEMBL295690,NCCCC[C@H](N[C@@H](CCc1ccccc1)C(=O)O)C(=O)N1CC2(C[C@H]1C(=O)O)SCCS2,active,495.6670000000003,2.0214,4.0,7.0,9.301029995663981
78,CHEMBL263460,CC(NC(C(=O)O)C1CCCN1C(=O)NC(Cc1ccccc1)C(=O)NC(Cc1ccccc1)C(=O)O)C(=O)N1CCCC1C(=O)O,active,651.717,1.0907000000000056,6.0,7.0,8.537602002101044
79,CHEMBL342652,CC(=O)N1CCCC1C(NC(C)C(=O)N1CCCC1C(=O)O)C(=O)O,active,355.3910000000001,-0.4957999999999974,3.0,5.0,8.0268721464003
80,CHEMBL2111941,C[C@H](NC(CNC(=O)c1ccccc1)C(=O)O)C(=O)N1CCC[C@H]1C(=O)O,active,377.3970000000002,-0.07669999999999871,4.0,5.0,7.3979400086720375
81,CHEMBL3037879,C[C@H](N[C@H](C(=O)O)[C@@H]1CCCN1)C(=O)N1CCC[C@H]1C(=O)O,active,313.354,-0.7546999999999977,4.0,5.0,6.154901959985743
82,CHEMBL415881,CCOC(=O)[C@H](CCc1ccccc1)N[C@@H](CCCCN)C(=O)N1CC2(C[C@H]1C(=O)O)SCCS2,active,523.7210000000005,2.499900000000001,3.0,8.0,6.698970004336019
83,CHEMBL1733,C[C@H](N[C@@H](CCc1ccccc1)C(=O)O)C(=O)N1Cc2ccccc2C[C@H]1C(=O)O,active,410.4700000000002,2.0885999999999996,3.0,4.0,8.537602002101044
84,CHEMBL435360,O=C(N[C@@H](Cc1ccccc1)C(=O)CCC(=O)N1CCC[C@H]1C(=O)O)c1ccccc1,active,422.48100000000017,2.4525999999999994,2.0,4.0,7.920818753952375
85,CHEMBL412893,CCOC(=O)C(CCc1ccccc1)NC(C)C(=O)N1Cc2ccccc2CC1C(=O)OCC,active,466.5780000000004,3.045600000000001,1.0,6.0,6.356547323513812
86,CHEMBL58480,CC(NC(CCc1ccccc1)C(=O)O)C(=O)N1Cc2ccccc2C1C(=O)O,active,396.44300000000015,2.2186,3.0,4.0,8.508638306165727
87,CHEMBL58042,COc1cc2c(cc1OC)CN(C(=O)C(C)NC(CCc1ccccc1)C(=O)O)C(C(=O)O)C2,active,470.5220000000003,2.1058000000000003,3.0,6.0,8.522878745280337
88,CHEMBL62203,CC(CS)C(=O)N1Cc2ccccc2C1C(=O)O,inactive,265.334,1.7204,2.0,3.0,4.853871964321762
89,CHEMBL1165,CCOC(=O)[C@H](CCc1ccccc1)N[C@@H](C)C(=O)N1Cc2cc(OC)c(OC)cc2C[C@H]1C(=O)O,active,498.5760000000004,2.5843,2.0,7.0,7.251811972993799
90,CHEMBL58340,CCOC(=O)C(CCc1ccccc1)NC(C)C(=O)N1Cc2cc(OC)c(OC)cc2CC1C(=O)OCc1ccccc1,active,588.7010000000005,4.243100000000004,1.0,8.0,6.522878745280337
91,CHEMBL2115075,CCOC(=O)[C@@H](CCc1ccccc1)N[C@@H](C)C(=O)N1Cc2cc(OC)c(OC)cc2C[C@H]1C(=O)O,intermediate,498.5760000000004,2.5843,2.0,7.0,5.958607314841775
92,CHEMBL57200,CC(=O)SCC(C)C(=O)N1Cc2ccccc2C1C(=O)O,inactive,307.37100000000004,2.0703,1.0,4.0,4.619788758288394
93,CHEMBL60702,CCOC(=O)C(CCc1ccccc1)NC(C)C(=O)N1Cc2cc(OC)c(OC)cc2CC1C(=O)OCC,active,526.6300000000005,3.062800000000001,1.0,8.0,6.2839966563652006
94,CHEMBL61811,CC(NC(CCc1ccccc1)C(=O)O)C(=O)N1CCc2ccccc2C1C(=O)O,active,410.4700000000002,2.2610999999999994,3.0,4.0,8.236572006437063
95,CHEMBL291552,CCOC(=O)C(CCc1ccccc1)N(C)C(C)C(=O)N1Cc2ccccc2CC1C(=O)O,inactive,452.5510000000003,2.909300000000001,1.0,5.0,5.0
96,CHEMBL59354,CC(CS)C(=O)N1CCc2ccccc2C1,inactive,235.35199999999998,2.1372,1.0,2.0,4.318758762624412
97,CHEMBL2114322,CCOC(=O)[C@@H](CCc1ccccc1)N[C@@H](C)C(=O)N1Cc2ccccc2C[C@H]1C(=O)O,active,438.5240000000003,2.5671,2.0,5.0,6.698970004336019
98,CHEMBL57201,CC(=O)SCC(C)C(=O)N1CCc2ccccc2C1C(=O)O,inactive,321.398,2.1128,1.0,4.0,4.0
99,CHEMBL58720,CC(=O)SCC(C)C(=O)N1Cc2ccccc2CC1C(=O)O,active,321.3980000000001,1.9403000000000001,1.0,4.0,6.886056647693163
100,CHEMBL2115288,CCOC(=O)[C@H](CCc1ccccc1)N[C@@H](C)C(=O)N1Cc2ccccc2C[C@@H]1C(=O)O,intermediate,438.5240000000003,2.5671,2.0,5.0,5.214670164989233
101,CHEMBL61916,CC(CS)C(=O)N1CCc2ccccc2C1C(=O)O,inactive,279.361,1.7629,2.0,3.0,4.236572006437063
102,CHEMBL57202,CC(=O)SCC(C)C(=O)N1CCc2ccccc2C1,inactive,277.389,2.4871000000000008,0.0,3.0,4.309803919971486
103,CHEMBL2115478,CCOC(=O)[C@H](CCc1ccccc1)N[C@@H](C)C(=O)N1Cc2ccccc2[C@H]1C(=O)O,active,424.49700000000024,2.6971000000000007,2.0,5.0,7.356547323513812
104,CHEMBL2115076,CCOC(=O)[C@H](CCc1ccccc1)N[C@@H](C)C(=O)N1Cc2ccccc2[C@@H]1C(=O)O,active,424.49700000000024,2.6971000000000007,2.0,5.0,6.0
105,CHEMBL417226,O=C(O)C1c2ccccc2CN1C(=O)CCS,inactive,251.30699999999996,1.4744,2.0,3.0,4.236572006437063
106,CHEMBL61137,CC(=O)SCCC(=O)N1Cc2ccccc2C1C(=O)O,inactive,293.34400000000005,1.8243,1.0,4.0,4.657577319177793
107,CHEMBL279737,CC(CS)C(=O)N1Cc2ccccc2CC1C(=O)O,active,279.361,1.5904,2.0,3.0,7.7447274948966935
108,CHEMBL3350318,CCOC(=O)[C@H](CCc1ccccc1)N[C@@H](C)C(=O)N1Cc2cc(OC)c(OC)cc2C[C@@H]1C(=O)O,inactive,498.5760000000004,2.5843,2.0,7.0,4.045757490560675
109,CHEMBL57338,C[C@H](N)C(=O)N[C@@H](Cc1ccccc1)C(=O)O,inactive,236.27100000000002,0.1457000000000001,3.0,3.0,3.720000004094201
110,CHEMBL91561,NCCCC[C@H](N)C(=O)NCC(=O)O,inactive,203.242,-1.3564999999999983,4.0,4.0,2.4899999999055544
111,CHEMBL292467,NCC(=O)NCC(=O)O,inactive,132.119,-1.8540999999999999,3.0,3.0,2.140000000044956
112,CHEMBL86518,O=C(O)CN1CCCCCC(NC(CCc2ccccc2)C(=O)O)C1=O,intermediate,362.4260000000001,1.5177999999999996,3.0,4.0,5.769551078621726
113,CHEMBL91090,CC[C@H](C)[C@H](N)C(=O)N[C@@H](Cc1ccc(O)cc1)C(=O)O,intermediate,294.35100000000006,0.8774999999999995,4.0,4.0,5.430000267796054
114,CHEMBL94119,CC[C@H](C)[C@H](N)C(=O)N1CCC[C@@H]1C(=O)O,inactive,228.29199999999994,0.43539999999999995,2.0,3.0,3.889999983714797
115,CHEMBL420061,NCCCC[C@H](NC(=O)CN)C(=O)O,inactive,203.24199999999996,-1.3564999999999978,4.0,4.0,2.2700000002994214
116,CHEMBL90069,CC(C)[C@H](N)C(=O)N[C@@H](Cc1ccc(O)cc1)C(=O)O,inactive,280.324,0.4873999999999999,4.0,4.0,4.659999925349902
117,CHEMBL327608,C[C@H](N)C(=O)N1CCC[C@@H]1C(=O)O,inactive,186.21099999999998,-0.5907999999999995,2.0,3.0,3.6399999910458836
118,CHEMBL439762,CC(C)[C@H](N)C(=O)N1CCC[C@H]1C(=O)O,inactive,214.26499999999996,0.045300000000000284,2.0,3.0,3.380000003615395
119,CHEMBL80548,NCC(=O)N1CCC[C@H]1C(=O)O,inactive,172.184,-0.9792999999999998,2.0,3.0,3.3500000020913046
120,CHEMBL91330,CC[C@H](C)[C@H](N)C(=O)N[C@@H](Cc1ccccc1)C(=O)O,inactive,278.35200000000003,1.1718999999999995,3.0,3.0,3.0300000003708836
121,CHEMBL93127,NCC(=O)N[C@@H](Cc1cnc[nH]1)C(=O)O,inactive,212.20899999999997,-1.5196999999999985,4.0,4.0,2.5100000003532474
122,CHEMBL90074,C[C@H](NC(=O)[C@@H](N)CCC(=O)O)C(=O)O,inactive,218.20899999999997,-1.2321999999999993,4.0,4.0,2.0
123,CHEMBL91623,C[C@H](CS)C(=O)N1C[C@H](NC(=O)C(CS)Cc2ccccc2)C[C@H]1C(=O)O,active,410.5610000000002,1.5113,4.0,5.0,7.7447274948966935
124,CHEMBL541207,CC(C)C[C@H](N)C(=O)N[C@@H](C)C(=O)O,inactive,202.254,-0.05089999999999978,3.0,3.0,3.5100000045692954
125,CHEMBL420983,C[C@@H](O)[C@H](NC(=O)CN)C(=O)O,inactive,176.17199999999997,-2.1046999999999993,4.0,4.0,2.240000000254458
126,CHEMBL56035,CC(C)[C@H](NC(=O)CN)C(=O)O,inactive,174.2,-0.829499999999999,3.0,3.0,2.33999999963408
127,CHEMBL329801,C[C@H](N[C@@H](CCc1ccccc1)C(=O)O)C(=O)N1C[C@@H](NC(=O)NC(CS)Cc2ccccc2)C[C@H]1C(=O)O,active,556.6850000000003,1.9449000000000014,6.0,6.0,7.366531544420414
128,CHEMBL89956,N[C@@H](Cc1ccc(O)cc1)C(=O)NCC(=O)O,inactive,238.24299999999997,-0.5372000000000001,4.0,4.0,2.7000000010815404
129,CHEMBL85175,O=C(O)CN1CCCCC(NC(CCc2ccccc2)C(=O)O)C1=O,active,348.3990000000001,1.1276999999999993,3.0,4.0,6.154901959985743
130,CHEMBL2114219,O=C(O)CN1CCCCC[C@H](N[C@@H](CCc2ccccc2)C(=O)O)C1=O,active,362.4260000000001,1.5177999999999996,3.0,4.0,8.698970004336019
131,CHEMBL88328,C[C@H](N[C@@H](CCc1ccccc1)C(=O)O)C(=O)N1C[C@H](NC(=O)C(CS)Cc2ccccc2)C[C@H]1C(=O)O,active,541.6700000000003,2.0095000000000005,5.0,6.0,6.5968794788241825
132,CHEMBL56119,CC(C)C[C@H](NC(=O)CN)C(=O)O,inactive,188.22699999999998,-0.43939999999999874,3.0,3.0,2.6000000002609998
133,CHEMBL330552,CSCC[C@H](NC(=O)CN)C(=O)O,inactive,206.26699999999997,-0.732399999999999,3.0,4.0,2.850000001421298
134,CHEMBL94250,C[C@H](N)C(=O)NCC(=O)O,inactive,146.146,-1.4655999999999998,3.0,3.0,2.6000000002609998
135,CHEMBL90610,N[C@@H](CO)C(=O)NCC(=O)O,inactive,162.145,-2.4932,4.0,4.0,2.070000000103263
136,CHEMBL91392,NCC(=O)N[C@@H](CC(=O)O)C(=O)O,inactive,190.15499999999997,-2.0107999999999997,4.0,4.0,2.0400000001694822
137,CHEMBL414828,C[C@H](N)C(=O)N1CCC[C@H]1C(=O)O,inactive,186.21099999999998,-0.5907999999999995,2.0,3.0,4.376750709602099
138,CHEMBL328594,C[C@H](O)[C@H](N)C(=O)NCC(=O)O,inactive,176.172,-2.1046999999999993,4.0,4.0,2.0
139,CHEMBL314707,NC1CCCN(CC(=O)O)C1=O,inactive,172.184,-0.9792999999999998,2.0,3.0,2.769551078621726
140,CHEMBL422419,C[C@H](N[C@@H](CCc1ccccc1)C(=O)O)C(=O)N1C[C@H](OC(=O)NC(CS)Cc2ccccc2)C[C@H]1C(=O)O,active,557.6690000000003,2.3718999999999997,5.0,7.0,6.295849483160201
141,CHEMBL17697,C[C@H](N)C(=O)N[C@@H](C)C(=O)O,inactive,160.17299999999997,-1.0770999999999997,3.0,3.0,3.2100000013111223
142,CHEMBL314706,O=C(O)CN1CCCC(NC(CCc2ccccc2)C(=O)O)C1=O,active,334.3720000000001,0.7375999999999994,3.0,4.0,6.366531544420414
143,CHEMBL84966,NC1CCCCCN(CC(=O)O)C1=O,inactive,200.238,-0.19910000000000033,2.0,3.0,3.3565473235138126
144,CHEMBL93178,C[C@H](NC(=O)[C@@H](N)CCCCN)C(=O)O,inactive,217.26899999999995,-0.9679999999999989,4.0,4.0,3.419999995796937
145,CHEMBL330038,NCC(=O)N[C@@H](CCC(N)=O)C(=O)O,inactive,203.19799999999995,-2.219999999999999,4.0,4.0,2.1500000002356523
146,CHEMBL17503,C[C@H](NC(=O)[C@@H](N)CC(=O)O)C(=O)O,inactive,204.182,-1.6222999999999992,4.0,4.0,2.4200000003661803
147,CHEMBL299889,NCC(=O)N[C@@H](Cc1ccccc1)C(=O)O,inactive,222.244,-0.24279999999999952,3.0,3.0,3.2000000030837636
148,CHEMBL56923,CC[C@H](C)[C@H](N)C(=O)N[C@@H](Cc1c[nH]c2ccccc12)C(=O)O,intermediate,317.38900000000007,1.6531999999999998,4.0,3.0,5.700000503883016
149,CHEMBL92255,NC(N)=NCCC[C@H](N)C(=O)N[C@@H](Cc1ccccc1)C(=O)O,inactive,321.38100000000003,-0.8205999999999962,5.0,4.0,3.6399999910458836
150,CHEMBL53400,NCC(=O)N[C@@H](Cc1ccc(O)cc1)C(=O)O,inactive,238.243,-0.5371999999999997,4.0,4.0,3.6800000064135183
151,CHEMBL327588,N[C@@H](Cc1c[nH]c2ccccc12)C(=O)NCC(=O)O,inactive,261.28099999999995,0.23850000000000016,4.0,3.0,2.2300000002622604
152,CHEMBL91792,C[C@H](N)C(=O)N[C@@H](Cc1c[nH]c2ccccc12)C(=O)O,inactive,275.30800000000005,0.6269999999999998,4.0,3.0,5.0
153,CHEMBL96806,NCC(=O)N[C@@H](CCCN=C(N)N)C(=O)O,inactive,231.25599999999997,-2.431899999999998,5.0,4.0,2.4899999999055544
154,CHEMBL316103,C[C@H](NC(=O)[C@@H](N)Cc1ccc(O)cc1)C(=O)O,inactive,252.27,-0.14870000000000078,4.0,4.0,3.33999999963408
155,CHEMBL90972,CSCC[C@H](N)C(=O)NCC(=O)O,inactive,206.267,-0.732399999999999,3.0,4.0,2.3200000002927523
156,CHEMBL86891,O=C(O)CN1CCC(NC(CCc2ccccc2)C(=O)O)C1=O,inactive,320.3450000000001,0.3474999999999994,3.0,4.0,4.920818753952375
157,CHEMBL312918,C[C@H](N[C@@H](CCc1ccccc1)C(=O)O)C(=O)N1C[C@@H](NC(=O)C(CS)Cc2ccccc2)C[C@H]1C(=O)O,active,541.6700000000003,2.0095000000000005,5.0,6.0,7.376750709602099
158,CHEMBL3350294,O=C(O)CN1CCCCC[C@@H](N[C@H](CCc2ccccc2)C(=O)O)C1=O,active,362.4260000000001,1.5177999999999996,3.0,4.0,7.036212172654444
159,CHEMBL94016,C[C@H](N)C(=O)N[C@@H](Cc1ccc(O)cc1)C(=O)O,inactive,252.27,-0.1486999999999999,4.0,4.0,4.059999994991732
160,CHEMBL55433,CC[C@H](C)[C@H](NC(=O)CN)C(=O)O,inactive,188.22699999999998,-0.43939999999999874,3.0,3.0,2.92000000166795
161,CHEMBL89547,C[C@H](CS)C(=O)N1C[C@@H](NC(=O)C(CS)Cc2ccc(-c3ccccc3)cc2)C[C@H]1C(=O)O,active,486.6590000000003,3.178300000000001,4.0,5.0,6.157390760389438
162,CHEMBL91777,CC(C)[C@H](N)C(=O)N[C@@H](Cc1c[nH]c2ccccc12)C(=O)O,intermediate,303.3620000000001,1.2631,4.0,3.0,5.800000874803203
163,CHEMBL91160,NC(N)=NCCC[C@H](N)C(=O)N[C@@H](Cc1c[nH]c2ccccc12)C(=O)O,inactive,360.41800000000006,-0.339299999999998,6.0,4.0,4.800000052738446
164,CHEMBL86915,O=C(O)CN1CCCCCCC(NC(CCc2ccccc2)C(=O)O)C1=O,intermediate,376.4530000000001,1.9078999999999993,3.0,4.0,5.886056647693163
165,CHEMBL8486,CC(C)[C@H](N)C(=O)N[C@@H](Cc1ccccc1)C(=O)O,inactive,264.325,0.7817999999999998,3.0,3.0,4.279999967105453
166,CHEMBL314532,NCC(=O)N[C@@H](CCC(=O)O)C(=O)O,inactive,204.182,-1.6206999999999994,4.0,4.0,2.2700000002994214
167,CHEMBL328327,C[C@H](CS)C(=O)N1C[C@@H](NC(=O)C(CS)Cc2ccccc2)C[C@H]1C(=O)O,active,410.5610000000002,1.5113,4.0,5.0,7.060480747381382
168,CHEMBL291636,N=C(N)NCCC[C@H](NC(=O)[C@@H](N)Cc1ccccc1)C(=O)O,inactive,321.38100000000003,-0.6109299999999969,6.0,4.0,3.0399999996932876
169,CHEMBL421171,N[C@@H](CC(=O)O)C(=O)NCC(=O)O,inactive,190.15499999999997,-2.0107999999999997,4.0,4.0,1.8499999998840133
170,CHEMBL330316,C[C@H](CS)C(=O)N1C[C@@H](NC(=O)NC(CS)Cc2ccccc2)C[C@H]1C(=O)O,active,425.5760000000002,1.4467,5.0,5.0,6.8326826652518236
171,CHEMBL299759,NCC(=O)N[C@@H](Cc1c[nH]c2ccccc12)C(=O)O,inactive,261.28099999999995,0.2385000000000001,4.0,3.0,4.519999959791458
172,CHEMBL91241,C[C@H](NC(=O)CN)C(=O)O,inactive,146.14600000000002,-1.4655999999999993,3.0,3.0,2.7000000010815404
173,CHEMBL90452,N[C@@H](Cc1c[nH]cn1)C(=O)NCC(=O)O,inactive,212.20899999999997,-1.5196999999999998,4.0,4.0,2.200000000330522
174,CHEMBL90260,CC(C)C[C@H](NC(=O)[C@@H](N)Cc1c[nH]cn1)C(=O)O,inactive,268.31699999999995,-0.10499999999999848,4.0,4.0,2.4899999999055544
175,CHEMBL316374,NC1CCCCN(CC(=O)O)C1=O,inactive,186.211,-0.5892000000000004,2.0,3.0,3.318758762624413
176,CHEMBL90670,NC(=O)CC[C@H](N)C(=O)NCC(=O)O,inactive,203.198,-2.219999999999999,4.0,4.0,2.1300000001762918
177,CHEMBL328471,C[C@H](NC(=O)[C@@H](N)CCCN=C(N)N)C(=O)O,inactive,245.28299999999996,-2.0433999999999974,5.0,4.0,3.33999999963408
178,CHEMBL55711,CC(C)C[C@H](N)C(=O)NCC(=O)O,inactive,188.22699999999998,-0.43939999999999874,3.0,3.0,2.0599999999781002
179,CHEMBL421361,N[C@@H](CCC(=O)O)C(=O)NCC(=O)O,inactive,204.182,-1.6206999999999987,4.0,4.0,2.0
180,CHEMBL90575,NC(N)=NCCC[C@H](N)C(=O)N1CCC[C@@H]1C(=O)O,inactive,271.3209999999999,-1.557099999999997,4.0,4.0,3.739999990121752
181,CHEMBL301546,CC(C)[C@H](N)C(=O)NCC(=O)O,inactive,174.2,-0.829499999999999,3.0,3.0,2.9599999984723877
182,CHEMBL301979,CC[C@H](C)[C@H](N)C(=O)NCC(=O)O,inactive,188.22699999999998,-0.43939999999999874,3.0,3.0,2.92000000166795
183,CHEMBL90973,NCC(=O)N[C@@H](CO)C(=O)O,inactive,162.14499999999998,-2.4931999999999994,4.0,4.0,2.4200000003661803
184,CHEMBL59426,O=C(O)CNC(=O)[C@@H]1CCCN1,inactive,172.18399999999997,-1.0608,3.0,3.0,1.7700000001180825
185,CHEMBL10521,CC(CC(=O)C(Cc1ccccc1)NC(=O)C(CCCCN)NC(=O)C1CCC1)C(=O)N1CCCC1C(=O)O.O=C(O)C(F)(F)F,active,542.6770000000006,1.7987000000000024,4.0,6.0,8.522878745280337
186,CHEMBL108606,CC(C)CCC(NC(C)C(=O)N1CCCC1C(=O)O)C(=O)O,active,314.382,0.9295000000000004,3.0,4.0,8.100015437450608
187,CHEMBL110925,CC(NC(CCC(=O)Nc1ccc(I)cc1)C(=O)O)C(=O)N1CCCC1C(=O)O,active,517.3200000000003,1.5168,4.0,5.0,9.100015437450608
188,CHEMBL107700,CC(NC(=O)C1CCCCC1S)C(=O)N1CCCC1C(=O)O,active,328.4340000000001,1.0553000000000001,3.0,4.0,8.0
189,CHEMBL105790,CC1(CS)C(=O)N2CCCC(C(=O)O)N2C1=O,intermediate,258.299,-0.24469999999999997,2.0,4.0,5.499999678657065
190,CHEMBL321012,O=C(O)C1CCCN1C(=O)C1CCCC1S,active,243.328,1.1604999999999996,2.0,3.0,6.900008766455316
191,CHEMBL80906,O=C(O)CN1C(=O)C(NC(CCc2ccccc2)C(=O)O)CCc2ccccc21,active,396.4430000000002,2.0946000000000007,3.0,4.0,8.0
192,CHEMBL105890,NCCCCC(NC(CCc1ccccc1)C(=O)O)C(=O)N1CCCC1C(=O)O,active,405.49500000000023,1.2352000000000007,4.0,5.0,8.400007822415901
193,CHEMBL10247,O=C(O)CNC(=O)C(CS)Cc1ccccc1,active,253.323,0.9758999999999998,3.0,3.0,6.499996931948306
194,CHEMBL109178,CC(OP(=O)(O)C(CCc1ccccc1)NC(=O)c1ccccc1)C(=O)N1CCCC1C(=O)O,active,488.4770000000003,3.041400000000001,3.0,5.0,7.400007822415902
195,CHEMBL107635,O=C(O)CCc1cc(O)c2n(c1=O)C(C(=O)O)CC2,active,267.237,0.14299999999999974,3.0,5.0,7.50003813440381
196,CHEMBL10465,O=C(NC(Cc1ccccc1)C(=O)CCC(=O)N1CCCC1C(=O)O)c1ccccc1,active,422.48100000000017,2.4525999999999994,2.0,4.0,8.0
197,CHEMBL62955,CC(NP(=O)(O)CCc1ccccc1)C(=O)N1CCCC1C(=O)O,active,354.3430000000002,1.4682,3.0,3.0,7.599980364934842
198,CHEMBL105971,CC(NC(CCc1cccc2ccccc12)C(=O)O)C(=O)N1CCCC1C(=O)O,active,398.45900000000023,2.2792999999999997,3.0,4.0,8.500038134403809
199,CHEMBL41289,CC(C)CC(NP(=O)(O)OC1OC(C)C(O)C(O)C1O)C(=O)NC(Cc1c[nH]c2ccccc12)C(=O)O,active,543.5100000000002,0.22860000000000186,8.0,8.0,8.299988937677888
200,CHEMBL325544,O=C(O)C1CCCN2C(=O)CC(CS)C(=O)N12,active,258.299,-0.24469999999999986,2.0,4.0,6.900008766455316
201,CHEMBL110870,CC(NP(=O)(O)O)C(=O)C1CCCC1C(=O)O,active,265.20199999999994,0.1271999999999997,4.0,3.0,8.299988937677888
202,CHEMBL108988,O=C(O)C1CC2(CN1C(=O)CP(=O)(O)CCCCc1ccccc1)SCCS2,active,443.5270000000002,3.1415000000000015,2.0,5.0,7.899974269892137
203,CHEMBL110375,CC(CS)C(=O)N1C(=O)CCC1C(=O)O,active,231.27299999999997,0.1544999999999998,2.0,4.0,7.50003813440381
204,CHEMBL110439,CC1CCCC(NC(CCc2ccccc2)C(=O)O)C(=O)N1CC(=O)O,active,362.42600000000016,1.5162,3.0,4.0,8.0
205,CHEMBL38405,O=C(O)CC(=O)NC(CS)Cc1ccccc1,inactive,253.323,1.1184,3.0,3.0,1.0
206,CHEMBL323051,O=C(O)C1CCC(=O)N1CCCS,inactive,203.26299999999998,0.3819000000000002,2.0,3.0,1.0
207,CHEMBL322266,O=C(O)C(CCc1ccccc1)NC1CCCC2SCC(C(=O)O)N2C1=O,active,392.47700000000015,1.5692000000000002,3.0,5.0,8.700057099977233
208,CHEMBL106193,O=C(O)C1CCCN1C(=O)C1CCC1S,active,229.30100000000002,0.7703999999999998,2.0,3.0,6.799998134593398
209,CHEMBL111578,O=C(SC1CCCC1C(=O)N1CCCC1C(=O)O)c1ccccc1,active,347.436,2.8043000000000005,1.0,4.0,7.199970640755866
210,CHEMBL326902,O=C(O)Cn1c(=O)n2n(c1=O)C(C(=O)O)C=CC2,active,255.18599999999998,-1.9083999999999988,2.0,7.0,8.500038134403809
211,CHEMBL322291,O=C(O)C1C=CCn2c(=O)n(CS)c(=O)n21,intermediate,243.244,-1.1057000000000001,2.0,7.0,5.59999938302362
212,CHEMBL23849,CC(CS)C(=O)N1c2ccccc2CC1C(=O)O,active,265.334,1.5948,2.0,3.0,7.899974269892137
213,CHEMBL110444,O=C(O)C1CSC(c2ccccc2O)N1C(=O)CCS,active,313.4000000000001,1.7392999999999996,3.0,5.0,7.700057099977233
214,CHEMBL172787,CC(C)C(C(=O)NC(Cc1ccc(O)cc1)C(=O)O)C(S)CCc1ccccc1,intermediate,415.5550000000001,3.7075000000000022,4.0,4.0,5.346787486224656
215,CHEMBL174237,CC(C)C[C@@H](S)[C@H](Cc1ccccc1)C(=O)N[C@@H](C)C(=O)O,intermediate,323.4580000000001,2.7790999999999997,3.0,3.0,5.301029995663981
216,CHEMBL174066,CCCCC(NC(=O)C(Cc1ccccc1)C(C)S)C(=O)NC(Cc1ccc(O)cc1)C(=O)O,intermediate,486.6340000000002,3.356300000000001,5.0,5.0,5.214670164989233
217,CHEMBL44139,CCC[C@H](N[C@H]1CCc2ccccc2N(CC(=O)O)C1=O)C(=O)O,active,334.37200000000007,1.2619,3.0,4.0,8.221848749616356
218,CHEMBL367174,CC(C)CC(S)CC(=O)NC(Cc1ccccc1)C(=O)NC(Cc1ccc(O)cc1)C(=O)O,intermediate,472.6070000000002,2.9662000000000006,5.0,5.0,5.552841968657781
219,CHEMBL289267,O=C(O)CN1C(=O)[C@@H](N[C@@H](CSCc2ccccc2)C(=O)O)CCc2ccccc21,active,428.5100000000002,2.3952,3.0,5.0,8.537602002101044
220,CHEMBL176960,CC(C)C(NC(=O)C(Cc1ccccc1)C(C)S)C(=O)NC(Cc1ccc(O)cc1)C(=O)O,intermediate,472.6070000000002,2.8221000000000007,5.0,5.0,5.886056647693163
221,CHEMBL38613,O=C(O)CN1C(=O)[C@@H](N[C@@H](CSc2ccccc2)C(=O)O)CCc2ccccc21,active,414.48300000000023,2.2540999999999993,3.0,5.0,8.397940008672037
222,CHEMBL175110,O=C(O)C(Cc1ccc(O)cc1)NC(=O)C(Cc1ccccc1)C(S)CCc1ccccc1,intermediate,463.59900000000016,4.294200000000004,4.0,4.0,5.795880017344075
223,CHEMBL417169,CCOC(=O)[C@H](CCCCN)N[C@H]1CCc2ccccc2N(CC(=O)O)C1=O,active,391.46800000000013,1.0693000000000006,3.0,6.0,7.3979400086720375
224,CHEMBL171850,CC(C)CC(S)C(Cc1ccccc1)C(=O)NC(Cc1ccc(O)cc1)C(=O)O,active,415.5550000000002,3.7075000000000014,4.0,4.0,6.1487416512809245
225,CHEMBL290802,O=C(O)CN1C(=O)[C@@H](N[C@@H](Cc2ccccc2)C(=O)O)CCc2ccccc21,active,382.41600000000017,1.7045000000000012,3.0,4.0,8.070581074285707
226,CHEMBL290328,COC(=O)[C@H](CC(C)C)N[C@H]1CCc2ccccc2N(CC(=O)O)C1=O,active,362.42600000000016,1.5963,2.0,5.0,6.0
227,CHEMBL296331,CCOC(=O)[C@H](Cc1c[nH]c2ccccc12)N[C@H]1CCc2ccccc2N(CC(=O)O)C1=O,active,449.5070000000003,2.6643,3.0,5.0,6.267606240177032
228,CHEMBL172978,CCC(C)C(NC(=O)C(Cc1ccccc1)C(C)S)C(=O)NC(Cc1ccc(O)cc1)C(=O)O,active,486.6340000000002,3.212200000000001,5.0,5.0,6.522878745280337
229,CHEMBL40806,CC(C)C[C@H](N[C@H]1CCc2ccccc2N(CC(=O)O)C1=O)C(=O)O,active,348.3990000000001,1.5079,3.0,4.0,7.346787486224656
230,CHEMBL55286,CC(C)CC(S)C(Cc1ccccc1)C(=O)NC(C)C(=O)O,inactive,323.4580000000001,2.7790999999999997,3.0,3.0,4.920818753952375
231,CHEMBL44077,O=C(O)CN1C(=O)[C@@H](N[C@@H](Cc2c[nH]c3ccccc23)C(=O)O)CCc2ccccc21,active,421.45300000000026,2.1858000000000013,4.0,4.0,7.886056647693163
232,CHEMBL173919,CC(C)CC(S)[C@H](Cc1ccccc1)C(=O)N[C@@H](C)C(=O)O,intermediate,323.4580000000001,2.7790999999999997,3.0,3.0,5.3979400086720375
233,CHEMBL289618,CCOC(=O)[C@H](CCCCNC(=O)OCc1ccccc1)N[C@H]1CCc2ccccc2N(CC(=O)O)C1=O,active,525.6020000000002,3.0370000000000017,3.0,7.0,7.823908740944319
234,CHEMBL416979,CSCC[C@H](N[C@H]1CCc2ccccc2N(CC(=O)O)C1=O)C(=O)O,active,366.43900000000014,1.2148999999999999,3.0,5.0,8.187086643357144
235,CHEMBL432689,O=C(O)CN1C(=O)[C@@H](N[C@@H](CCCCNC(=O)OCc2ccccc2)C(=O)O)CCc2ccccc21,active,497.5480000000003,2.5585000000000013,4.0,6.0,7.886056647693163
236,CHEMBL42683,O=C(O)CN1C(=O)[C@@H](N[C@@H](COCc2ccccc2)C(=O)O)CCc2ccccc21,active,412.4420000000002,1.678600000000001,3.0,5.0,8.0
237,CHEMBL40420,CC(C)(C)OC(=O)NCCCC[C@H](N[C@H]1CCc2ccccc2N(CC(=O)O)C1=O)C(=O)O,active,463.5310000000002,2.1568,4.0,6.0,8.397940008672037
238,CHEMBL42976,O=C(O)CN1C(=O)[C@@H](N[C@@H](CSCCc2ccccc2)C(=O)O)CCc2ccccc21,active,442.5370000000002,2.4377000000000004,3.0,5.0,8.154901959985743
239,CHEMBL366937,CC(S)C(Cc1ccccc1)C(=O)NCC(=O)O,inactive,267.34999999999997,1.3643999999999996,3.0,3.0,4.958607314841775
240,CHEMBL430554,NCCCC[C@H](N[C@H]1CCc2ccccc2N(CC(=O)O)C1=O)C(=O)O,active,363.4140000000001,0.5907999999999999,4.0,5.0,8.154901959985743
241,CHEMBL41985,CCCC[C@H](N[C@H]1CCc2ccccc2N(CC(=O)O)C1=O)C(=O)O,active,348.3990000000001,1.652,3.0,4.0,8.301029995663981
242,CHEMBL40709,CCCC[C@H](N[C@H]1CCc2ccccc2N(CC(=O)O)C1=O)C(=O)OCC,intermediate,376.4530000000002,2.1305000000000005,2.0,5.0,5.585026652029182
243,CHEMBL54601,CC(NC(=O)C(Cc1ccccc1)C(S)CCc1ccccc1)C(=O)O,intermediate,371.50200000000007,3.365800000000002,3.0,3.0,5.3979400086720375
244,CHEMBL173287,CC(C)CC(S)CC(=O)NC(Cc1ccccc1)C(=O)O,inactive,309.43100000000004,2.5331,3.0,3.0,5.0
245,CHEMBL2110258,CC(C)C[C@H](S)[C@H](Cc1ccccc1)C(=O)N[C@@H](C)C(=O)O,inactive,323.4580000000001,2.7790999999999997,3.0,3.0,5.0
246,CHEMBL2110347,CC(C)C[C@H](S)[C@@H](Cc1ccccc1)C(=O)N[C@@H](C)C(=O)O,inactive,323.4580000000001,2.7790999999999997,3.0,3.0,4.79317412396815
247,CHEMBL114658,CC1(C)CCCC(NC(=O)[C@@H](S)Cc2ccccc2)C(=O)N1CC(=O)O,active,378.49400000000014,1.8879999999999997,3.0,4.0,7.920818753952375
248,CHEMBL1519,CCOC(=O)[C@H](CCc1ccccc1)N[C@@H](C)C(=O)N1[C@H](C(=O)O)C[C@H]2CCCC[C@@H]21,active,430.54500000000036,2.7733000000000008,2.0,5.0,9.031517051446064
249,CHEMBL1168,CCOC(=O)[C@H](CCc1ccccc1)N[C@@H](C)C(=O)N1[C@H](C(=O)O)C[C@@H]2CCC[C@@H]21,active,416.5180000000003,2.3831999999999995,2.0,5.0,8.397940008672037
250,CHEMBL431210,CCCC[C@H](CN(O)C=O)C(=O)N[C@H](C(=O)N(C)C)C(C)(C)C,inactive,329.4410000000001,1.2595,2.0,4.0,4.0
251,CHEMBL113759,O=C(O)C(CCc1ccccc1)N[C@@H](Cc1ccccc1)C(=O)NC[C@H](O)C(=O)O,inactive,414.4580000000002,0.8349999999999995,5.0,5.0,5.0
252,CHEMBL838,CCOC(=O)[C@H](CCc1ccccc1)N[C@H]1CCc2ccccc2N(CC(=O)O)C1=O,active,424.49700000000024,2.5731,2.0,5.0,8.769551078621726
253,CHEMBL298827,O=C(O)CNC(=O)[C@@H](CS)Cc1ccccc1,active,253.323,0.9758999999999998,3.0,3.0,6.0655015487564325
254,CHEMBL3039598,CCC(=O)O[C@@H](O[P@](=O)(CCCCc1ccccc1)CC(=O)N1C[C@H](C2CCCCC2)C[C@H]1C(=O)O)C(C)C,active,563.6720000000004,6.121300000000007,1.0,6.0,9.0
255,CHEMBL331378,C[C@H](CSC(=O)c1ccccc1)C(=O)N1C[C@@H](Sc2ccccc2)C[C@H]1C(=O)O,active,429.56300000000016,4.042500000000002,1.0,5.0,9.397940008672037
256,CHEMBL191,CCCCc1nc(Cl)c(CO)n1Cc1ccc(-c2ccccc2-c2nnn[nH]2)cc1,active,422.9200000000001,4.2668000000000035,2.0,6.0,7.721246399047171
257,CHEMBL308333,CCCCC[C@H](CC(=O)NO)C(=O)N[C@H](C(=O)N1CCC[C@H]1CO)C(C)C,inactive,385.5050000000002,1.2025000000000012,4.0,5.0,4.0
258,CHEMBL325056,O=C(NC1CCC[C@H]2CCC[C@@H](C(=O)O)N2C1=O)[C@@H](S)Cc1ccccc1,active,390.50500000000005,2.0304999999999995,3.0,4.0,8.301029995663981
259,CHEMBL310750,O=C(O)CCn1c(=O)n2n(c1=O)[C@H](C(=O)O)C=CC2,active,269.213,-1.518299999999999,2.0,7.0,9.0
260,CHEMBL445561,CSC1(SC)C[C@@H](C(=O)O)N(C(=O)[C@H](CCCCN)OP(=O)(O)CCCCc2ccccc2)C1,active,532.6650000000004,3.8167000000000026,3.0,7.0,8.590066876668706
261,CHEMBL80147,C[C@H](NCCCc1ccccc1)C(=O)N1CCC[C@H]1C(=O)O,intermediate,304.39,1.6728999999999998,2.0,3.0,5.2399999527072705
262,CHEMBL310869,NC(Cc1ccccc1)C(=O)N[C@H](CCC(=O)N1[C@H](C(=O)O)C[C@@H]2CCCC[C@@H]21)C(=O)O,active,445.51600000000025,1.1503000000000005,4.0,5.0,7.0
263,CHEMBL309914,CC(S)C(=O)N[C@@H](CS)C(=O)O,inactive,209.292,-0.19610000000000016,4.0,4.0,3.2699999970646445
264,CHEMBL420391,NCCCCC(NC(=O)OCc1ccccc1)C(=O)N[C@H](CCC(=O)N1CCC[C@H]1C(=O)O)C(=O)O,active,506.5560000000004,0.835600000000001,5.0,7.0,7.92009553233328
265,CHEMBL277270,O=C(O)[C@@H]1CC2(CN1C(=O)CP(=O)(O)CCCCc1ccccc1)SCCS2,active,443.5270000000002,3.1415000000000015,2.0,5.0,8.400007822415901
266,CHEMBL309601,C[C@H](NP(=O)(O)CCc1ccccc1)C(=O)N1CCC[C@H]1C(=O)O,active,354.3430000000002,1.4682,3.0,3.0,8.15002808767115
267,CHEMBL80729,O=C(O)CCC(=O)CCS,intermediate,162.21,0.7402,2.0,3.0,5.620000528471499
268,CHEMBL65423,C[C@H](NCC(=O)O)C(=O)N1CCC[C@H]1C(=O)O,intermediate,244.24699999999996,-0.8752999999999991,3.0,4.0,5.620000528471499
269,CHEMBL312431,C[C@H](NC(C(=O)O)C1CCCN1C(=O)c1ccccc1)C(=O)N1CCC[C@H]1C(=O)O,active,417.4620000000002,0.7981000000000009,3.0,5.0,8.54000474395261
270,CHEMBL77056,C[C@H](NC(=O)CCC(=O)O)C(=O)O,inactive,189.167,-0.5594999999999994,3.0,3.0,2.870000000834375
271,CHEMBL78341,C[C@H](NC(CCc1ccccc1)C(=O)O)C(=O)N(CC(=O)O)C1Cc2ccccc2C1,active,424.49700000000024,2.131100000000001,3.0,4.0,7.400007822415902
272,CHEMBL35561,NCCCC[C@H](OP(=O)(O)CCCCc1ccccc1)C(=O)N(CC(=O)O)c1ccc2c(c1)OCO2,active,520.5190000000002,3.5554000000000023,3.0,7.0,9.940058111938045
273,CHEMBL1907754,CCOC(=O)C(CCc1ccccc1)SC(C)C(=O)N1Cc2ccccc2C[C@H]1C(=O)O,active,455.5760000000003,3.7107000000000028,1.0,5.0,6.337242168318426
274,CHEMBL80101,O=C(O)CCC(=O)N[C@@H](Cc1ccccc1)C(=O)O,inactive,265.265,0.6632999999999996,3.0,3.0,3.260000003048627
275,CHEMBL36503,NCCCC[C@H](OP(=O)(O)CCCCc1ccccc1)C(=O)N1CCC[C@H]1C(=O)O,active,440.4770000000002,2.7845000000000004,3.0,5.0,7.439973751087107
276,CHEMBL80240,Cc1ccc(N(CC(=O)O)C(=O)C(C)N)cc1,intermediate,236.27100000000002,0.7598199999999997,2.0,3.0,5.589999287456538
277,CHEMBL311471,CCN(C[C@H](CCc1ccccc1)C(=O)O)C(=O)N1Cc2ccccc2C[C@H]1C(=O)O,active,424.4970000000002,3.2734000000000014,2.0,3.0,8.18996921359416
278,CHEMBL611148,C[C@@H](CS)C(=O)N1c2ccccc2C[C@H]1C(=O)O,active,265.334,1.5948,2.0,3.0,8.219970872662662
279,CHEMBL431983,O=C(O)[C@@H]1CCCN1C(=O)C1CCCC1S,active,243.328,1.1604999999999996,2.0,3.0,7.189969213594161
280,CHEMBL305938,O=C(O)[C@H]1CCCN1C(=O)CCS,inactive,203.263,0.3819000000000002,2.0,3.0,2.739999999668255
281,CHEMBL77446,O=C(O)C(CCc1ccccc1)N[C@H]1CCN2CCC[C@@H](C(=O)O)N2C1=O,active,375.4250000000002,0.7268999999999999,3.0,5.0,7.250031916490597
282,CHEMBL2079671,CCOC(=O)[C@H](CCc1ccccc1)N[C@@H](C)C(=O)N1C2CCCCC2C[C@H]1C(=O)O,active,430.54500000000036,2.7733,2.0,5.0,7.0
283,CHEMBL79190,O=C(O)[C@@H]1CCCN2C(=O)C[C@@H](CS)C(=O)N12,active,258.299,-0.24469999999999986,2.0,4.0,7.15002808767115
284,CHEMBL287518,NCCCC[C@H](OP(=O)(O)CCCCc1ccccc1)C(=O)N1C[C@H](C2CCCCC2)C[C@H]1C(=O)O,active,522.6230000000004,4.590900000000004,3.0,5.0,8.489991487059765
285,CHEMBL309799,CC(S)C(=O)N[C@@H](Cc1c[nH]c2ccccc12)C(=O)O,active,292.36000000000007,1.5980999999999999,4.0,3.0,7.189969213594161
286,CHEMBL284843,NCCCC[C@H](OP(=O)(O)CCCCc1ccccc1)C(=O)N1C[C@@H](Cc2ccccc2)C[C@H]1C(=O)O,active,530.6020000000003,4.253300000000003,3.0,5.0,9.049976093476673
287,CHEMBL310841,O=C(NC(Cc1ccccc1)CP(=O)(O)CC(=O)N1CCC[C@H]1C(=O)O)c1ccccc1,active,458.4510000000002,2.3737000000000004,3.0,4.0,8.0
288,CHEMBL80667,O=C(CCS)OC(Cc1ccccc1)C(=O)O,active,254.307,1.5454,2.0,4.0,6.149997413907539
289,CHEMBL284494,CCOC(=O)C(CCc1ccccc1)OC(C)C(=O)N1CCCC1C(=O)O,active,377.43700000000024,2.0316,1.0,5.0,6.657577319177793
290,CHEMBL77556,C[C@@H](NC(=O)C(S)Cc1ccccc1)C(=O)N1CCC[C@H]1C(=O)O,active,350.44000000000017,1.1078,3.0,4.0,7.299988937677887
291,CHEMBL80304,O=C(O)CCNC(=O)CCS,inactive,177.225,-0.10279999999999967,3.0,3.0,3.3099999994399916
292,CHEMBL78340,CC(C)CCC(N[C@@H](C)C(=O)N1CCC[C@H]1C(=O)O)C(=O)O,active,314.382,0.9295000000000004,3.0,4.0,8.590066876668706
293,CHEMBL80981,CC(C)(S)C(=O)N[C@@H](Cc1c[nH]c2ccccc12)C(=O)O,inactive,306.38700000000006,1.9882,4.0,3.0,4.419999995796937
294,CHEMBL34832,NCCCC[C@H](OP(=O)(O)CCCCc1ccccc1)C(=O)N1C[C@@H](Sc2ccccc2)C[C@H]1C(=O)O,active,548.6420000000003,4.5553000000000035,3.0,6.0,9.280006173632396
295,CHEMBL78629,O=C(NC(Cc1ccccc1)C(=O)N[C@H](CCC(=O)N1c2ccccc2C[C@H]1C(=O)O)C(=O)O)OCc1ccccc1,active,573.6020000000003,2.916200000000001,4.0,6.0,9.599980364934842
296,CHEMBL284345,NCCCC[C@H](OP(=O)(O)CCCCc1ccccc1)C(=O)N(CC(=O)O)c1ccccc1,active,476.51000000000016,3.8267000000000024,3.0,5.0,8.969805214643248
297,CHEMBL10962,O=C(O)[C@@H]1CCCN1C(=O)CCS,active,203.263,0.3819000000000002,2.0,3.0,6.699991797446187
298,CHEMBL78953,C[C@@H](N)C(=O)N[C@@H](Cc1ccccc1)C(=O)O,inactive,236.27100000000002,0.1457000000000001,3.0,3.0,3.720000004094201
299,CHEMBL80242,O=C(O)C[C@H](NC(=O)CS)C(=O)O,inactive,207.207,-1.0397,4.0,4.0,4.110000009303415
300,CHEMBL263556,O=C(O)[C@@H]1CCCN1C(=O)CP(=O)(O)O,intermediate,237.148,-0.7603000000000001,3.0,3.0,5.079999880484295
301,CHEMBL312550,O=C(O)[C@@H]1CCCN1C(=O)CCP(=O)(O)O,inactive,251.17499999999998,-0.37019999999999975,3.0,3.0,4.319999993033794
302,CHEMBL284734,NCCCC[C@H](OP(=O)(O)CCCCc1ccccc1)C(=O)N1c2ccccc2C[C@H]1C(=O)O,active,488.5210000000002,3.751400000000002,3.0,5.0,9.53003079050004
303,CHEMBL1907760,CCOC(=O)C(CCc1ccccc1)SC(C)C(=O)N1C2CCCCC2C[C@H]1C(=O)O,intermediate,447.5970000000004,3.9169000000000027,1.0,5.0,5.698970004336019
304,CHEMBL80665,C[C@H](NC(CCC(=O)Nc1ccc(I)cc1)C(=O)O)C(=O)N1CCC[C@H]1C(=O)O,active,517.3200000000003,1.5168,4.0,5.0,9.639974910810603
305,CHEMBL79016,C[C@H](NC(=O)CCS)C(=O)N1CCC[C@H]1C(=O)O,intermediate,274.342,-0.11340000000000044,3.0,4.0,5.589999287456538
306,CHEMBL80779,C[C@H](NC(CCc1cccc2ccccc12)C(=O)O)C(=O)N1CCC[C@H]1C(=O)O,active,398.45900000000023,2.2792999999999997,3.0,4.0,8.96018944585165
307,CHEMBL412666,NC(CS)C(=O)N1CCC[C@H]1C(=O)O,active,218.27799999999996,-0.6809000000000003,3.0,4.0,7.199970640755866
308,CHEMBL34650,NCCCC[C@H](OP(=O)(O)CCCCc1ccccc1)C(=O)N1CC2(C[C@H]1C(=O)O)SCCS2,active,530.6490000000002,3.570700000000002,3.0,7.0,9.199970640755865
309,CHEMBL309333,O=C(CCS)N[C@@H](CS)C(=O)O,inactive,209.292,-0.1944999999999999,4.0,4.0,4.169999984192581
310,CHEMBL79189,C[C@H](CS)C(=O)N1Cc2ccccc2C[C@H]1C(=O)O,active,279.361,1.5904,2.0,3.0,7.700057099977233
311,CHEMBL78805,C[C@H](CC(=O)O)C(=O)N1CCC[C@H]1C(=O)O,inactive,229.23199999999994,0.1727999999999998,2.0,3.0,4.989999996723885
312,CHEMBL78780,C[C@H](CCC(=O)O)C(=O)N1CCC[C@H]1C(=O)O,intermediate,243.25899999999996,0.5628999999999997,2.0,3.0,5.309999839831227
313,CHEMBL311064,O=C(CCS)N[C@@H](Cc1c[nH]c2ccccc12)C(=O)O,inactive,292.36000000000007,1.5997000000000001,4.0,3.0,3.0
314,CHEMBL80657,CN(C(=O)CCS)[C@@H](Cc1ccccc1)C(=O)O,inactive,267.35,1.4606000000000001,2.0,3.0,4.510000060783275
315,CHEMBL80646,C[C@H](NC(CCc1ccccc1)P(=O)(O)O)C(=O)N1CCC[C@H]1C(=O)O,active,384.3690000000002,1.1766999999999996,4.0,4.0,7.289967300934246
316,CHEMBL78489,CC(CS)C(=O)N[C@@H](Cc1c[nH]c2ccccc12)C(=O)O,active,306.38700000000006,1.8457,4.0,3.0,7.460046158343603
317,CHEMBL310764,CC(C)[C@H](NC(=O)CCC(=O)O)C(=O)O,inactive,217.22099999999998,0.07659999999999922,3.0,3.0,2.9599999984723877
318,CHEMBL78435,O=C(O)[C@@H]1CCCN1C(=O)C1CCC1S,active,229.30100000000002,0.7703999999999998,2.0,3.0,7.309981219211305
319,CHEMBL312120,O=C(CS)N[C@@H](Cc1c[nH]c2ccccc12)C(=O)O,active,278.333,1.2096,4.0,3.0,6.119998611678231
320,CHEMBL289022,CS[C@@H]1C[C@@H](C(=O)O)N(C(=O)[C@H](CCCCN)OP(=O)(O)CCCCc2ccccc2)C1,active,486.57100000000025,3.1260000000000012,3.0,6.0,9.280006173632396
321,CHEMBL419649,C[C@H](CC(CCc1ccccc1)C(=O)O)C(=O)N1c2ccccc2C[C@H]1C(=O)O,active,395.45500000000015,3.388700000000001,2.0,3.0,8.320027305722581
322,CHEMBL78385,COP(=O)(O)C(CCc1ccccc1)N[C@@H](C)C(=O)N1CCC[C@H]1C(=O)O,active,398.39600000000024,1.8308,3.0,5.0,6.359995853468939
323,CHEMBL25996,CCOC(=O)C(CCc1ccccc1)SC(C)C(=O)N1CCCC1C(=O)O,intermediate,393.5050000000003,2.7482000000000006,1.0,5.0,5.5376020021010435
324,CHEMBL1907759,CCOC(=O)C(CCc1ccccc1)SC(C)C(=O)N1CSC[C@@H]1C(=O)O,intermediate,411.54500000000024,2.6587000000000005,1.0,6.0,5.318758762624412
325,CHEMBL25782,CCOC(=O)C(CCc1ccccc1)OC(C)C(=O)N1Cc2ccccc2CC1C(=O)O,active,439.50800000000027,2.9941000000000013,1.0,5.0,7.853871964321762
326,CHEMBL308267,O=C(O)CCc1cc(O)c2n(c1=O)[C@H](C(=O)O)CC2,active,267.237,0.14299999999999974,3.0,5.0,6.339998279897117
327,CHEMBL286339,NCCCC[C@H](OP(=O)(O)CCCCc1ccccc1)C(=O)N1C[C@@H](C2CCCCC2)C[C@H]1C(=O)O,active,522.6230000000004,4.590900000000004,3.0,5.0,9.309981219211304
328,CHEMBL78726,C[C@H](NC(CCc1ccc(O)cc1)C(=O)O)C(=O)N1CCC[C@H]1C(=O)O,active,364.3980000000002,0.8316999999999994,4.0,5.0,8.550059011226661
329,CHEMBL78440,C[C@H](NC(=O)CCS)C(=O)O,active,177.225,-0.10440000000000005,3.0,3.0,6.069998998990925
330,CHEMBL78998,O=C(O)CCCCCS,inactive,148.22700000000003,1.5612,2.0,2.0,2.9599999984723877
331,CHEMBL311316,CC(C)(C)OC(=O)[C@@H]1CCCN1C(=O)CCS,inactive,259.37099999999987,1.639,1.0,4.0,4.41000005022751
332,CHEMBL310139,N[C@@H](Cc1ccccc1)C(=O)N[C@H](CCC(=O)N1[C@H](C(=O)O)C[C@@H]2CCCC[C@@H]21)C(=O)O,active,445.51600000000025,1.1503000000000005,4.0,5.0,6.659992382003327
333,CHEMBL306117,O=C(O)CCC(=O)NCC(=O)O,inactive,175.14,-0.9479999999999997,3.0,3.0,2.7000000010815404
334,CHEMBL309782,CC(C)C[C@H](NC(=O)CCC(=O)O)C(=O)O,inactive,231.24799999999996,0.4666999999999998,3.0,3.0,3.2100000013111223
335,CHEMBL285935,NCCCC[C@H](OP(=O)(O)CCCCc1ccccc1)C(=O)N(CC(=O)O)C1CCCCC1,active,482.55800000000033,3.9548000000000023,3.0,5.0,9.53003079050004
336,CHEMBL79212,C[C@H](NC(CCN)C(=O)O)C(=O)N1CCC[C@H]1C(=O)O,active,287.316,-1.1578999999999973,4.0,5.0,6.490004907986601
337,CHEMBL1807684,CC[C@H](C)[C@H](N)C(=O)N1CCC[C@H]1C(=O)O,inactive,228.29199999999994,0.43539999999999995,2.0,3.0,3.889999983714797
338,CHEMBL311988,CC(C(=O)O)C1CCCCC(CS)C1=O,active,230.32899999999998,2.0124,2.0,3.0,7.280006173632396
339,CHEMBL311239,O=C(CCS)N[C@@H](Cc1c[nH]cn1)C(=O)O,inactive,243.288,-0.15849999999999992,4.0,4.0,3.6399999910458836
340,CHEMBL2079670,C[C@H](N[C@@H](CCc1ccccc1)C(=O)O)C(=O)N1C2CCCCC2C[C@H]1C(=O)O,active,402.49100000000027,2.2947999999999995,3.0,4.0,6.585026652029182
341,CHEMBL309962,O=C(O)[C@@H]1CS[C@H](c2ccccc2O)N1C(=O)CCS,active,313.4000000000001,1.7392999999999996,3.0,5.0,8.430041181903405
342,CHEMBL78443,C[C@H](NP(=O)(O)O)C(=O)N1CCC[C@H]1C(=O)O,active,266.18999999999994,-0.8671999999999997,4.0,3.0,6.109998386815364
343,CHEMBL312094,O=C(CCS)N[C@@H](Cc1ccccc1)C(=O)O,active,253.323,1.1184,3.0,3.0,6.369999510099088
344,CHEMBL78346,C[C@H](NC(CCc1ccccc1)C(=O)O)C(=O)N1CC2CCCCC2[C@H]1C(=O)O,active,402.49100000000027,2.1522999999999994,3.0,4.0,8.659952682338607
345,CHEMBL78731,C[C@H](NC(CCC(=O)Nc1ccccc1)C(=O)O)C(=O)N1CCC[C@H]1C(=O)O,active,391.42400000000026,0.9122000000000001,4.0,5.0,8.280006173632396
346,CHEMBL306556,O=C(O)[C@@H]1C=CCN1C(=O)CCS,active,201.24699999999999,0.15789999999999976,2.0,3.0,6.190002844637807
347,CHEMBL430630,NCCCCC(N)C(=O)N[C@H](CCC(=O)N1[C@H](C(=O)O)C[C@@H]2CCCC[C@@H]21)C(=O)O,active,426.5140000000003,0.03660000000000435,5.0,6.0,7.92009553233328
348,CHEMBL310578,O=C(O)CCC(=O)N1CCC[C@H]1C(=O)O,inactive,215.20499999999998,-0.07320000000000021,2.0,3.0,4.480000028175458
349,CHEMBL309308,NCCC[C@H](NC(CCc1ccccc1)C(=O)O)C(=O)N1CCC[C@H]1C(=O)O,active,391.46800000000025,0.8451000000000011,4.0,5.0,8.659952682338607
350,CHEMBL431707,NCCCC[C@H](OP(=O)(O)CCCCc1ccccc1)C(=O)N1C[C@H](Sc2ccccc2)C[C@H]1C(=O)O,active,548.6420000000003,4.5553000000000035,3.0,6.0,9.110026361596004
351,CHEMBL33025,NCCCC[C@H](OP(=O)(O)CCCCc1ccccc1)C(=O)N1C[C@H](O)C[C@H]1C(=O)O,active,456.47600000000017,1.7552999999999996,4.0,6.0,9.059981844992336
352,CHEMBL284898,CCOC(=O)C(CCc1ccccc1)OC(C)C(=O)N1C(C(=O)O)CC2CCCCC21,active,431.52900000000034,3.2003000000000013,1.0,5.0,7.619788758288394
353,CHEMBL26226,CC(OC(CCc1ccccc1)C(=O)O)C(=O)N1Cc2ccccc2CC1C(=O)O,active,411.4540000000002,2.5156,2.0,4.0,7.0655015487564325
354,CHEMBL80193,C[C@H](NC(CCc1ccccc1)C(N)=O)C(=O)N1CCC[C@H]1C(=O)O,inactive,347.4150000000002,0.5268000000000008,3.0,4.0,4.589999963296594
355,CHEMBL78996,CC(NC(=O)OCc1ccccc1)C(=O)N[C@H](CCC(=O)N1CCC[C@H]1C(=O)O)C(=O)O,active,449.4600000000003,0.7265000000000005,4.0,6.0,6.409994580348671
356,CHEMBL80384,O=C(CS)N[C@@H](CS)C(=O)O,inactive,195.265,-0.5846000000000002,4.0,4.0,4.719999935717911
357,CHEMBL80503,O=C(N[C@H](CCC(=O)N1CCC[C@H]1C(=O)O)C(=O)O)C1CCCN1C(=O)OCc1ccccc1,intermediate,475.4980000000003,1.212800000000001,3.0,6.0,5.59999938302362
358,CHEMBL79008,CCC(C)[C@H](NC(=O)CCC(=O)O)C(=O)O,inactive,231.24799999999996,0.4666999999999998,3.0,3.0,2.9799999991916146
359,CHEMBL1907755,CC(SC(CCc1ccccc1)C(=O)O)C(=O)N1C2CCCCC2C[C@H]1C(=O)O,active,419.5430000000003,3.4384000000000015,2.0,4.0,6.853871964321762
360,CHEMBL78971,CC[C@@H](C)[C@H](C)C(=O)N[C@@H](Cc1ccccc1)C(=O)O,inactive,277.36400000000003,2.4806999999999997,2.0,2.0,3.0300000003708836
361,CHEMBL284272,NCCCC[C@H](OP(=O)(O)CCCCc1ccccc1)C(=O)N1C[C@H](c2ccccc2)C[C@H]1C(=O)O,active,516.5750000000003,4.178200000000003,3.0,5.0,6.470005326930858
362,CHEMBL309537,O=C(O)[C@@H]1CCCN1CCCS,inactive,189.28,0.8552999999999997,2.0,3.0,3.620000003443366
363,CHEMBL1907762,CC(SC(CCc1ccccc1)C(=O)O)C(=O)N1CCC[C@H]1C(=O)O,active,365.4510000000002,2.2697,2.0,4.0,6.236572006437063
364,CHEMBL311363,C[C@@H]1CCCC(NC(CCc2ccccc2)C(=O)O)C(=O)N1CC(=O)O,active,362.42600000000016,1.5162,3.0,4.0,8.51999305704285
365,CHEMBL35309,NCCCC[C@H](OP(=O)(O)CCCCc1ccccc1)C(=O)N1C[C@@H](c2ccccc2)C[C@H]1C(=O)O,active,516.5750000000003,4.178200000000003,3.0,5.0,9.880084589742008
366,CHEMBL35682,COc1ccc(N(CC(=O)O)C(=O)[C@H](CCCCN)OP(=O)(O)CCCCc2ccccc2)cc1OC,active,536.5620000000002,3.8439000000000023,3.0,7.0,9.540004743952608
367,CHEMBL1907752,CCOC(=O)C(CCc1ccccc1)[S+]([O-])C(C)C(=O)N1C2CCCCC2C[C@H]1C(=O)O,active,463.5960000000004,2.9324000000000012,1.0,5.0,6.657577319177793
368,CHEMBL433442,CS[C@H]1C[C@@H](C(=O)O)N(C(=O)[C@H](CCCCN)OP(=O)(O)CCCCc2ccccc2)C1,active,486.57100000000025,3.1260000000000012,3.0,6.0,8.720105019988361
369,CHEMBL311102,O=C(CS)N[C@@H](Cc1c[nH]cn1)C(=O)O,inactive,229.26100000000002,-0.5486000000000002,4.0,4.0,3.5899999970886247
370,CHEMBL442750,O=C(O)[C@@H]1CCC(=O)N1CCCS,inactive,203.26299999999998,0.3819000000000002,2.0,3.0,3.1899999993506682
371,CHEMBL79131,C[C@H](NP(=O)(O)OCc1ccccc1)C(=O)N1CCC[C@H]1C(=O)O,active,356.31500000000017,1.3573,3.0,4.0,7.389978975335855
372,CHEMBL80830,CC(C)(S)C(=O)N[C@@H](CS)C(=O)O,inactive,223.319,0.19399999999999995,4.0,4.0,2.140000000044956
373,CHEMBL78903,C[C@@]1(CCS)C(=O)N2CC=C[C@@H](C(=O)O)N2C1=O,active,270.31,-0.07860000000000006,2.0,4.0,7.0
374,CHEMBL311757,NCCCCC(NC(=O)OCc1ccccc1)C(=O)N[C@H](CCC(=O)N1[C@H](C(=O)O)C[C@@H]2CCCC[C@@H]21)C(=O)O,active,560.6480000000005,2.0043,5.0,7.0,8.460046158343603
375,CHEMBL78353,O=C(N[C@H](CCC(=O)N1[C@H](C(=O)O)C[C@@H]2CCCC[C@@H]21)C(=O)O)C1CCCN1C(=O)OCc1ccccc1,active,529.5900000000004,2.381500000000001,3.0,6.0,7.819874124835946
376,CHEMBL80939,O=C(O)[C@@H]1C=CCn2c(=O)n(CS)c(=O)n21,active,243.244,-1.1057000000000001,2.0,7.0,6.149997413907539
377,CHEMBL311525,C[C@H](CS)C(=O)N1C(=O)CC[C@H]1C(=O)O,active,231.27299999999997,0.1544999999999998,2.0,4.0,8.049976093476673
378,CHEMBL77677,O=C(O)CNC(=O)CCS,intermediate,163.198,-0.49290000000000006,3.0,3.0,5.550000451689026
379,CHEMBL78812,CC(C)[C@H](NC(=O)CCS)C(=O)O,intermediate,205.279,0.5316999999999998,3.0,3.0,5.800000874803203
380,CHEMBL309798,O=C(NC(CCc1ccccc1)P(=O)(O)CC(=O)N1CCC[C@H]1C(=O)O)c1ccccc1,active,458.45100000000025,2.721300000000001,3.0,4.0,7.140021558357979
381,CHEMBL446407,CC(C)(S)C(=O)N[C@@H](CC(=O)O)C(=O)O,inactive,235.26099999999997,-0.26110000000000017,4.0,4.0,2.4600000005668043
382,CHEMBL312224,O=C(O)C(CCc1ccccc1)NC1CCC[C@H]2SC[C@@H](C(=O)O)N2C1=O,active,392.47700000000015,1.5692000000000002,3.0,5.0,9.219970872662662
383,CHEMBL76577,C[C@@H](CS)C(=O)N1CCC[C@@H]1C(=O)O,inactive,217.28999999999996,0.6279000000000001,2.0,3.0,4.960000077688649
384,CHEMBL311268,C[C@H](NC(CCCNC(=O)OCc1ccccc1)C(=O)O)C(=O)N1CCC[C@H]1C(=O)O,active,435.4770000000003,1.1999000000000004,4.0,6.0,8.54000474395261
385,CHEMBL285897,CC(OC(CCc1ccccc1)C(=O)O)C(=O)N1CCCC1C(=O)O,active,349.38300000000015,1.5531,2.0,4.0,6.958607314841775
386,CHEMBL39538,C[C@H](NC(CCc1ccccc1)C(=O)O)C(=O)N1CCC[C@H]1C(=O)O,active,348.39900000000017,1.1261000000000003,3.0,4.0,8.92009553233328
387,CHEMBL309941,C[C@H](CC(=O)[C@@H](Cc1ccccc1)NC(=O)c1ccccc1)C(=O)N1CCC[C@H]1C(=O)O,active,436.50800000000027,2.6986000000000008,2.0,4.0,8.51999305704285
388,CHEMBL78074,CN(CC(=O)O)C(=O)CCS,intermediate,177.22499999999997,-0.15069999999999983,2.0,3.0,5.5200002474083645
389,CHEMBL310624,NCCCCC(NC(=O)OCc1ccccc1)C(=O)N[C@H](CCC(=O)N1c2ccccc2C[C@H]1C(=O)O)C(=O)O,intermediate,554.6000000000004,1.8024999999999995,5.0,7.0,5.59999938302362
390,CHEMBL35419,NCCCC[C@H](OP(=O)(O)CCCCc1ccccc1)C(=O)N1C[C@@H](O)C[C@H]1C(=O)O,active,456.47600000000017,1.7552999999999996,4.0,6.0,7.79997073344623
391,CHEMBL147755,O=C1N[C@H](C(=O)O)Cc2ccccc2CCCCCC[C@@H]1CS,active,335.46900000000005,2.851100000000001,3.0,3.0,6.139661993429006
392,CHEMBL150222,O=C1N[C@H](C(=O)O)CCCCc2ccccc2C[C@@H]1CS,inactive,307.41499999999996,2.0708999999999995,3.0,3.0,5.0
393,CHEMBL146573,O=C1N[C@H](C(=O)O)CCCCCCc2ccccc2C[C@H]1CS,inactive,335.46900000000005,2.851100000000001,3.0,3.0,5.0
394,CHEMBL423574,O=C1N[C@@H](C(=O)O)Cc2ccccc2CCCCCCC[C@@H]1CS,inactive,349.4960000000001,3.2412000000000014,3.0,3.0,5.0
395,CHEMBL346424,O=C1N[C@H](C(=O)O)CCCCc2ccccc2C[C@H]1CS,inactive,307.41499999999996,2.0708999999999995,3.0,3.0,5.0
396,CHEMBL149841,O=C1N[C@H](C(=O)O)CCCCCCc2ccccc2C[C@@H]1CS,inactive,335.46900000000005,2.851100000000001,3.0,3.0,5.0
397,CHEMBL148840,O=C1N[C@H](C(=O)O)CCCCCc2cccc(c2)C[C@H]1CS,intermediate,321.442,2.461,3.0,3.0,5.853871964321762
398,CHEMBL357311,O=C1N[C@H](C(=O)O)CCCCCc2ccccc2C[C@H]1CS,intermediate,321.442,2.461,3.0,3.0,5.698970004336019
399,CHEMBL147526,O=C1N[C@H](C(=O)O)CCCCCCc2cccc(c2)C[C@H]1CS,active,335.469,2.851100000000001,3.0,3.0,6.928117992693875
400,CHEMBL147185,O=C1N[C@H](C(=O)O)CCCCCc2cccc(c2)C[C@@H]1CS,active,321.442,2.461,3.0,3.0,8.397940008672037
401,CHEMBL149367,O=C1N[C@@H](C(=O)O)Cc2ccccc2CCCCCC[C@@H]1CS,active,335.46900000000005,2.851100000000001,3.0,3.0,6.327902142064283
402,CHEMBL357584,O=C1N[C@H](C(=O)O)CCCCCCc2cccc(c2)C[C@@H]1CS,active,335.469,2.851100000000001,3.0,3.0,6.756961951313706
403,CHEMBL342091,O=C1N[C@H](C(=O)O)CCCCCc2ccccc2C[C@@H]1CS,intermediate,321.442,2.461,3.0,3.0,5.096910013008056
404,CHEMBL148616,C[C@H](CS)C(=O)N1Cc2[nH]c3ccccc3c2CC1C(=O)O,active,318.3980000000001,2.0717,3.0,3.0,6.301029995663981
405,CHEMBL148140,O=C1N[C@@H](C(=O)O)Cc2ccccc2CCCCC[C@@H]1CS,intermediate,321.442,2.461,3.0,3.0,5.221848749616356
406,CHEMBL299169,O=C(O)CN1CCCC[C@H](NC(=O)[C@@H](S)Cc2ccccc2)C1=O,active,350.4400000000001,1.1093999999999993,3.0,4.0,7.657577319177793
407,CHEMBL422944,O=C(O)CN1C(=O)[C@@H](NC(=O)[C@H](S)Cc2ccccc2)CCc2ccccc21,active,398.48400000000015,2.0763,3.0,4.0,6.546681659952962
408,CHEMBL50480,C[C@H](S)C(=O)N[C@H]1CCc2ccccc2N(CC(=O)O)C1=O,active,322.3860000000001,0.8534999999999997,3.0,4.0,7.619788758288394
409,CHEMBL300016,C[C@H](NC(=O)[C@@H](S)Cc1ccccc1)C(=O)N(CC(=O)O)c1ccccc1,active,386.4730000000001,2.1500000000000004,3.0,4.0,7.853871964321762
410,CHEMBL50315,O=C(O)CN1C(=O)[C@H](NC(=O)[C@@H](S)Cc2ccccc2)CCc2ccccc21,active,398.48400000000015,2.0763,3.0,4.0,6.51427857351842
411,CHEMBL48534,CC(S)(Cc1ccccc1)C(=O)N[C@H]1CCc2ccccc2N(CC(=O)O)C1=O,active,412.51100000000014,2.4664,3.0,4.0,7.200659450546418
412,CHEMBL299875,CCCC[C@H](S)C(=O)N[C@H]1CCc2ccccc2N(CC(=O)O)C1=O,active,364.46700000000016,2.0237999999999996,3.0,4.0,8.267606240177031
413,CHEMBL51576,O=C(O)CN1Cc2ccccc2C[C@H](NC(=O)[C@@H](S)Cc2ccccc2)C1=O,active,398.4840000000001,1.6817999999999997,3.0,4.0,7.481486060122112
414,CHEMBL50814,O=C(O)CN1C(=O)C(NC(=O)[C@@H](S)Cc2ccccc2)CCCc2ccccc21,active,412.5110000000002,2.4664,3.0,4.0,7.6020599913279625
415,CHEMBL299438,O=C(O)CN1C(=O)[C@@H](NC(=O)[C@@H](S)CC2CCCCC2)CCc2ccccc21,active,404.5320000000003,2.8040000000000003,3.0,4.0,7.657577319177793
416,CHEMBL415932,CC(C)C[C@H](S)C(=O)N[C@H]1CCc2ccccc2N(CC(=O)O)C1=O,active,364.46700000000016,1.8797000000000001,3.0,4.0,8.200659450546418
417,CHEMBL317304,CCCCN1C[C@@H](C(=O)O)N(C(=O)[C@H](C)N[C@@H](CCc2ccccc2)C(=O)O)C1=O,active,419.4780000000002,1.5680000000000007,3.0,5.0,8.173925197299173
418,CHEMBL340119,CC(C)C[C@H](N)C(=O)N[C@@H](C)C(=O)N1CCC[C@@H]1C(=O)O,intermediate,299.371,-0.05989999999999879,3.0,4.0,5.638272163982407
419,CHEMBL100063,CCCCCCCC[C@H](N[C@@H](CC)C(=O)N1C(=O)N(C)C[C@H]1C(=O)O)C(=O)O,active,399.48800000000017,1.9056000000000002,3.0,5.0,8.619788758288394
420,CHEMBL29031,Cc1ccc(S(=O)(=O)N[C@@H](Cc2ccccc2)C(=O)NCC(=O)N2CCC[C@H]2C(=O)O)cc1,inactive,473.55100000000033,1.0764200000000006,3.0,5.0,4.173925197299173
421,CHEMBL54942,CC(NC(=O)C(Cc1ccccc1)CC(S)c1ccccc1)C(=O)O,intermediate,357.4750000000001,3.495800000000002,3.0,3.0,5.455931955649724
422,CHEMBL54823,CCC(C)C(CC(S)CCc1ccccc1)C(=O)NC(Cc1ccc(O)cc1)C(=O)O,intermediate,443.60900000000015,4.487700000000003,4.0,4.0,5.5376020021010435
423,CHEMBL101469,CCCCCCCC[C@H](N[C@@H](C)C(=O)N1C(=O)N(Cc2ccccc2)C[C@H]1C(=O)O)C(=O)O,active,461.55900000000025,3.0859000000000005,3.0,5.0,8.823908740944319
424,CHEMBL301703,O=C(NC(Cc1ccc(O)cc1)C(=O)O)C(Cc1ccccc1)CC(S)Cc1ccccc1,intermediate,463.59900000000016,4.294200000000003,4.0,4.0,5.619788758288394
425,CHEMBL100586,C[C@@H](N[C@@H](CCc1ccccc1)C(=O)O)C(=O)N1C(=O)N(Cc2ccccc2)C[C@H]1C(=O)O,intermediate,453.49500000000023,1.9680999999999997,3.0,5.0,5.619788758288394
426,CHEMBL129432,C[C@H](NC(=O)[C@@H](N)CCCN=C(N)N)C(=O)N1CCC[C@@H]1C(=O)O,inactive,342.4000000000001,-2.052399999999995,5.0,5.0,4.795880017344075
427,CHEMBL101409,C[C@H](N[C@@H](Cc1ccccc1)C(=O)O)C(=O)N1C(=O)N(Cc2ccccc2)C[C@H]1C(=O)O,active,439.4680000000002,1.5779999999999998,3.0,5.0,7.958607314841775
428,CHEMBL430689,CC(C)CC[C@H](N[C@@H](C)C(=O)N1C(=O)N(Cc2ccccc2)C[C@H]1C(=O)O)C(=O)O,active,419.4780000000001,1.7714999999999994,3.0,5.0,8.481486060122112
429,CHEMBL54477,O=C(O)CCNC(=O)C(Cc1ccccc1)CC(S)Cc1ccccc1,intermediate,371.50200000000007,3.3674000000000017,3.0,3.0,5.455931955649724
430,CHEMBL27560,N[C@@H](Cc1ccccc1)C(=O)NCC(=O)N1CCC[C@H]1C(=O)O,inactive,319.361,-0.2517999999999992,3.0,4.0,4.698970004336019
431,CHEMBL338446,N[C@@H](Cc1ccccc1)C(=O)N1CCC[C@H]1C(=O)N1CCC[C@@H]1C(=O)O,inactive,359.4260000000001,0.6230000000000004,2.0,4.0,4.107905397309519
432,CHEMBL128399,C[C@H](NC(=O)[C@@H](N)Cc1ccccc1)C(=O)N1CCC[C@@H]1C(=O)O,intermediate,333.38800000000015,0.13670000000000065,3.0,4.0,5.376750709602099
433,CHEMBL101360,CCCCCCCC[C@H](N[C@@H](C)C(=O)N1C(=O)N(C)C[C@H]1C(=O)O)C(=O)O,active,385.4610000000002,1.5155000000000007,3.0,5.0,8.795880017344075
434,CHEMBL53621,CCC(C)C(S)CC(C(=O)NC(Cc1ccc(O)cc1)C(N)=O)C(C)CC,intermediate,394.5810000000002,3.301700000000001,4.0,4.0,5.3979400086720375
435,CHEMBL55520,CCC(C)C(S)CC(Cc1ccccc1)C(=O)N[C@H](Cc1ccc(O)cc1)C(=O)O,intermediate,429.58200000000016,4.097600000000002,4.0,4.0,5.096910013008056
436,CHEMBL293794,CC(NC(=O)C(Cc1ccccc1)CC(S)Cc1ccccc1)C(=O)O,intermediate,371.50200000000007,3.365800000000002,3.0,3.0,5.42021640338319
437,CHEMBL54796,CCC(C)C(S)CC(Cc1ccccc1)C(=O)NC(Cc1ccc(O)cc1)C(N)=O,intermediate,428.5980000000002,3.4983000000000004,4.0,4.0,5.455931955649724
438,CHEMBL55583,CCC(C)C(CC(S)Cc1ccccc1)C(=O)NC(Cc1ccc(O)cc1)C(=O)O,active,429.58200000000016,4.097600000000002,4.0,4.0,6.096910013008056
439,CHEMBL53678,CCC(C)C(S)CC(C(=O)NC(Cc1ccc(O)cc1)C(=O)O)C(C)CC,intermediate,395.56500000000017,3.9010000000000025,4.0,4.0,5.468521082957745
440,CHEMBL328847,CCOC(=O)[C@H](CCc1ccccc1)N[C@@H](C)C(=O)N1C(=O)N(Cc2ccccc2)C[C@H]1C(=O)O,intermediate,481.5490000000003,2.4466,2.0,6.0,5.102372908709558
441,CHEMBL328378,CCCCCCCC[C@H](N[C@@H](CC)C(=O)N1C(=O)N(Cc2ccccc2)C[C@H]1C(=O)O)C(=O)O,active,475.58600000000024,3.4760000000000018,3.0,5.0,8.67778070526608
442,CHEMBL102044,C[C@H](N)C(=O)N1C(=O)N(C)C[C@H]1C(=O)O,inactive,215.20899999999997,-1.3191999999999986,2.0,4.0,5.0
443,CHEMBL100966,CCCCCCCC[C@H](N[C@H](C)C(=O)N1C(=O)N(C)C[C@H]1C(=O)O)C(=O)O,intermediate,385.4610000000002,1.5155000000000007,3.0,5.0,5.619788758288394
444,CHEMBL317094,CCOC(=O)[C@H](CCc1ccccc1)N[C@@H](C)C(=O)N1C(=O)N(C)C[C@H]1C(=O)O,intermediate,405.45100000000025,0.8762000000000008,2.0,6.0,5.00436480540245
445,CHEMBL340152,CCCC[C@H](N)C(=O)N[C@@H](C)C(=O)N1CCC[C@@H]1C(=O)O,active,299.371,0.08420000000000111,3.0,4.0,6.154901959985743
446,CHEMBL32032,O=C(N[C@@H](Cc1ccccc1)C(=O)NCC(=O)N1CCC[C@H]1C(=O)O)c1ccccc1,intermediate,423.4690000000002,1.219500000000001,3.0,4.0,5.026872146400302
447,CHEMBL55103,CCC(C)C1CC(Cc2ccccc2)SC1=O,intermediate,248.39100000000002,3.9235000000000033,0.0,2.0,5.638272163982407
448,CHEMBL316865,CCCCCCCC[C@H](N[C@@H](C)C(=O)N1C(=O)N(C)C[C@H]1C(=O)O)C(=O)OCC,intermediate,413.51500000000027,1.9940000000000004,2.0,6.0,5.292429823902063
449,CHEMBL264538,C[C@H](NC(=O)[C@H](Cc1c[nH]c2ccccc12)NC(=O)[C@H](CCCCN)NC(=O)[C@@H]1CCC(=O)N1)C(=O)N1CCC[C@H]1C(=O)O,active,611.7000000000003,-0.3320999999999939,7.0,7.0,6.136677139879544
450,CHEMBL328811,CCCCCCCC[C@H](N[C@@H](C)C(=O)N1C(=O)N(Cc2ccccc2)C[C@H]1C(=O)O)C(=O)OCC,intermediate,489.61300000000034,3.564400000000002,2.0,6.0,5.657577319177793
451,CHEMBL55613,CCC(C)C(CC(S)Cc1ccccc1)C(=O)N1CCCC1C(=O)O,intermediate,363.5230000000002,3.6555000000000017,2.0,3.0,5.552841968657781
452,CHEMBL53141,CCC(C)C(CC(S)Cc1ccccc1)C(=O)O,intermediate,266.406,3.664500000000002,2.0,2.0,5.3979400086720375
453,CHEMBL99798,CC(C)C[C@H](N[C@@H](C)C(=O)N1C(=O)N(Cc2ccccc2)C[C@H]1C(=O)O)C(=O)O,active,405.45100000000014,1.3814000000000008,3.0,5.0,8.67778070526608
454,CHEMBL421581,C[C@H](N)C(=O)N1C(=O)N(Cc2ccccc2)C[C@H]1C(=O)O,intermediate,291.307,0.2511999999999996,2.0,4.0,5.823908740944319
455,CHEMBL54457,O=C(O)C1CCCN1C(=O)C(Cc1ccccc1)CC(S)Cc1ccccc1,intermediate,397.54000000000013,3.8521000000000027,2.0,3.0,5.443697499232712
456,CHEMBL408983,CC[C@H](C)[C@H](NC(=O)[C@H](CCC(N)=O)NC(=O)[C@@H]1CCCN1C(=O)[C@H](CCCNC(=N)N)NC(=O)[C@@H]1CCCN1C(=O)[C@H](Cc1c[nH]c2ccccc12)NC(=O)[C@@H]1CCC(=O)N1)C(=O)N1CCC[C@H]1C(=O)N1CCC[C@H]1C(=O)O,active,1101.2769999999996,-1.4483300000000108,11.0,12.0,6.657577319177793
457,CHEMBL100413,C[C@H](N[C@@H](CCc1ccccc1)C(=O)O)C(=O)N1C(=O)N(Cc2ccccc2)C[C@H]1C(=O)O,active,453.49500000000023,1.9680999999999997,3.0,5.0,8.769551078621726
458,CHEMBL99701,C[C@H](N[C@@H](CCc1ccccc1)C(=O)O)C(=O)N1C(=O)N(C)C[C@H]1C(=O)O,active,377.39700000000016,0.39770000000000055,3.0,5.0,8.769551078621726
459,CHEMBL100826,CC[C@H](N[C@@H](CCc1ccccc1)C(=O)O)C(=O)N1C(=O)N(Cc2ccccc2)C[C@H]1C(=O)O,active,467.5220000000002,2.3581999999999996,3.0,5.0,8.638272163982407
460,CHEMBL55721,CCC(C)C(S)CC(Cc1ccccc1)C(=O)N[C@@H](Cc1ccc(O)cc1)C(=O)O,intermediate,429.58200000000016,4.097600000000002,4.0,4.0,5.356547323513812
461,CHEMBL431052,C[C@H](N[C@@H](CCc1ccccc1)C(=O)O)C(=O)N1C(=O)NC[C@H]1C(=O)O,active,363.3700000000001,0.05550000000000138,4.0,5.0,8.455931955649724
462,CHEMBL92676,CC(C)C[C@H](NCP(=O)(O)O)C(=O)N[C@@H](Cc1ccc(-c2ccccc2)cc1)C(=O)O,active,448.45600000000013,2.6050000000000004,5.0,4.0,6.0
463,CHEMBL92126,C[C@H](N[C@@H](Cc1ccccc1)C(=O)N[C@@H](Cc1ccc(-c2ccccc2)cc1)C(=O)O)P(=O)(O)O,active,496.50000000000017,3.190100000000002,5.0,4.0,7.356547323513812
464,CHEMBL329464,O=C(O)[C@H](Cc1ccc(-c2ccccc2)cc1)NC(=O)[C@H](Cc1ccc(Cl)cc1)NCP(=O)(O)O,active,516.9180000000002,3.455000000000002,5.0,4.0,6.325138859262188
465,CHEMBL90545,CC[C@@H](C)[C@H](NCP(=O)(O)O)C(=O)N[C@@H](Cc1ccc(-c2ccccc2)cc1)C(=O)O,active,448.45600000000013,2.6050000000000004,5.0,4.0,7.301029995663981
466,CHEMBL92326,O=C(O)[C@H](Cc1ccc(-c2ccccc2)cc1)NC(=O)[C@H](Cc1ccc2ccccc2c1)NCP(=O)(O)O,active,532.5330000000004,3.9548000000000036,5.0,4.0,7.275724130399211
467,CHEMBL91399,Cc1ccccc1C[C@H](NCP(=O)(O)O)C(=O)N[C@@H](Cc1ccc(-c2ccccc2)cc1)C(=O)O,active,496.50000000000017,3.1100200000000005,5.0,4.0,6.302770657240282
468,CHEMBL328030,CC(C)Oc1ccc(C[C@H](NC(=O)[C@@H](NCP(=O)(O)O)C(C)C)C(=O)O)cc1,active,416.4110000000001,1.3350999999999995,5.0,5.0,7.036212172654444
469,CHEMBL93785,COc1ccccc1C[C@H](NCP(=O)(O)O)C(=O)N[C@@H](Cc1ccc(-c2ccccc2)cc1)C(=O)O,active,512.4990000000003,2.8102,5.0,5.0,6.795880017344075
470,CHEMBL93562,CC(C)[C@H](NCP(=O)(O)O)C(=O)N[C@@H](CCc1ccccc1)C(=O)O,active,372.35800000000006,0.9379999999999993,5.0,4.0,7.0
471,CHEMBL92949,CC(C)[C@H](NCP(=O)(O)O)C(=O)N[C@@H](Cc1c[nH]c2ccccc12)C(=O)O,active,397.3680000000001,1.0291999999999997,6.0,4.0,6.619788758288394
472,CHEMBL94173,CC[C@H](C)C(N[C@@H](C)C(=O)O)C(=O)N[C@@H](Cc1ccc(-c2ccccc2)cc1)C(=O)O,active,426.5130000000001,2.9429000000000016,4.0,4.0,7.657577319177793
473,CHEMBL418959,O=C(O)[C@H](Cc1ccc(-c2ccccc2)cc1)NC(=O)[C@H](Cc1ccc(-c2ccccc2)cc1)NCP(=O)(O)O,active,558.5710000000004,4.468600000000005,5.0,4.0,6.382999658879101
474,CHEMBL366503,C[C@H](OCc1ccccc1)[C@H](NCP(=O)(O)O)C(=O)N[C@@H](Cc1ccc(-c2ccccc2)cc1)C(=O)O,active,526.5260000000003,3.164200000000001,5.0,5.0,6.1830961606243395
475,CHEMBL329666,O=C(O)[C@H](Cc1ccc(-c2ccccc2)cc1)NC(=O)C1(NCP(=O)(O)O)CCCC1,active,446.4400000000003,2.5031000000000008,5.0,4.0,6.0
476,CHEMBL420253,O=C(O)[C@H](Cc1ccc(-c2ccccc2)cc1)NC(=O)[C@H](Cc1ccc(O)cc1)NCP(=O)(O)O,active,498.4720000000002,2.507200000000001,6.0,5.0,6.0
477,CHEMBL328463,O=C(O)[C@H](Cc1ccc(-c2ccccc2)cc1)NC(=O)[C@H](Cc1ccc2c(c1)OCO2)NCP(=O)(O)O,active,526.4820000000003,2.5303000000000004,5.0,6.0,6.8326826652518236
478,CHEMBL92638,O=C(O)[C@H](Cc1ccc(-c2ccccc2)cc1)NC(=O)[C@@H](NCP(=O)(O)O)C1CCCCC1,active,474.4940000000003,3.1392000000000015,5.0,4.0,6.0
479,CHEMBL93167,CC(C)[C@H](NCP(=O)(O)O)C(=O)N[C@@H](Cc1ccc(C2CCCCC2)cc1)C(=O)O,active,440.4770000000003,2.5956,5.0,4.0,6.913640169325252
480,CHEMBL329894,CC(C)[C@H](NCP(=O)(O)O)C(=O)N[C@@H](Cc1ccc(-c2ccccc2)cc1)C(=O)N[C@@H](Cc1ccc(O)cc1)C(=O)O,active,597.6050000000004,2.6480000000000006,7.0,6.0,6.0
481,CHEMBL93206,CC(C)(C)[C@H](NCP(=O)(O)O)C(=O)N[C@@H](Cc1ccc(-c2ccccc2)cc1)C(=O)O,active,448.45600000000013,2.6050000000000004,5.0,4.0,6.0
482,CHEMBL329372,CC(C)[C@H](NCP(=O)(O)O)C(=O)N[C@@H](Cc1ccc(-c2ccccc2)cc1)C(=O)N1C[C@H](O)C[C@H]1C(=O)O,active,547.5450000000003,1.1767,6.0,6.0,6.0
483,CHEMBL327799,C[C@H](O)[C@H](NCP(=O)(O)O)C(=O)N[C@@H](Cc1ccc(-c2ccccc2)cc1)C(=O)O,active,436.4010000000001,0.9397000000000004,6.0,5.0,6.1771783546968955
484,CHEMBL93180,O=C(O)[C@H](Cc1ccc(-c2ccccc2)cc1)NC(=O)[C@H](Cc1ccccc1)NCP(=O)(O)O,active,482.4730000000002,2.8016000000000014,5.0,4.0,6.931814138253839
485,CHEMBL315669,O=C(O)[C@H](Cc1ccc(-c2ccccc2)cc1)NC(=O)[C@H](Cc1c[nH]cn1)NCP(=O)(O)O,active,472.43800000000016,1.5246999999999997,6.0,5.0,6.0
486,CHEMBL91218,C[C@H](NCP(=O)(O)O)C(=O)N[C@@H](Cc1ccc(-c2ccccc2)cc1)C(=O)O,active,406.3750000000001,1.5788000000000002,5.0,4.0,6.180456064458132
487,CHEMBL92632,CC(C)[C@H](N[C@@H](C)C(=O)O)C(=O)N[C@@H](Cc1ccc(-c2ccccc2)cc1)C(=O)O,active,412.4860000000001,2.5527999999999995,4.0,4.0,7.638272163982407
488,CHEMBL329136,O=C(O)[C@H](Cc1ccc(-c2ccccc2)cc1)NC(=O)[C@H](Cc1ccccc1O)NCP(=O)(O)O,active,498.4720000000002,2.507200000000001,6.0,5.0,6.0
489,CHEMBL329530,C[C@H](c1ccccc1)[C@H](NCP(=O)(O)O)C(=O)N[C@@H](Cc1ccc(-c2ccccc2)cc1)C(=O)O,active,496.50000000000017,3.3626000000000014,5.0,4.0,6.860120913598763
490,CHEMBL330507,O=C(O)[C@H](Cc1ccc(-c2ccccc2)cc1)NC(=O)[C@H](Cc1cccs1)NCP(=O)(O)O,active,488.5020000000002,2.863100000000001,5.0,5.0,6.414539270491499
491,CHEMBL313419,CCCC[C@H](NCP(=O)(O)O)C(=O)N[C@@H](Cc1ccc(-c2ccccc2)cc1)C(=O)O,active,448.45600000000013,2.7491000000000003,5.0,4.0,6.13608262304214
492,CHEMBL89563,CC(C)[C@H](NCP(=O)(O)O)C(=O)N[C@@H](Cc1ccc(-c2ccccc2)cc1)C(=O)O,active,434.42900000000014,2.2149,5.0,4.0,7.6020599913279625
493,CHEMBL328737,CC[C@H](C)C(NCC(=O)O)C(=O)N[C@@H](Cc1ccc(-c2ccccc2)cc1)C(=O)O,active,412.4860000000001,2.5544000000000002,4.0,4.0,7.187086643357144
494,CHEMBL277919,O=C(O)CCCC(=O)N1CCC[C@H]1C(=O)O,inactive,229.23199999999997,0.3169000000000001,2.0,3.0,4.154901959985743
495,CHEMBL162360,C[C@H](CS)C(=O)N1CCCC1C(=O)O,active,217.28999999999996,0.6279000000000001,2.0,3.0,7.638272163982407
496,CHEMBL327401,C[C@H](NC(=O)[C@H](Cc1c[nH]c2ccccc12)NC(=O)[C@H](CCCCN)NC(=O)[C@@H](N)CCC(=O)O)C(=O)N1CCC[C@H]1C(=O)O,active,629.7150000000003,-0.4185999999999928,8.0,8.0,7.221848749616356
497,CHEMBL152188,CC(CCC(=O)N1CCC[C@H]1C(=O)O)C(=O)O,inactive,243.259,0.5628999999999996,2.0,3.0,3.585026652029182
498,CHEMBL347755,O=C(O)C(CCc1ccccc1)N[C@H]1CCC[C@H]2SC[C@@H](C(=O)O)N2C1=O,active,392.47700000000015,1.5692000000000002,3.0,5.0,9.221848749616356
499,CHEMBL331575,CC1CCCC(C(=O)O)N1C(=O)CCS,active,231.31699999999998,1.1604999999999999,2.0,3.0,9.0
500,CHEMBL322069,CC(=O)SCC(C)C(=O)Nc1ccccc1,active,237.324,2.5409000000000006,1.0,3.0,6.522878745280337
501,CHEMBL114552,O=C(O)CCCNCP(=O)(O)CCc1ccccc1,inactive,285.28,1.9114,3.0,3.0,4.0
502,CHEMBL326801,CC(=O)SCC(C)C(=O)NCc1ccccc1,inactive,251.351,2.2186000000000003,1.0,3.0,3.3010299956639813
503,CHEMBL173376,Cc1ccccc1C(=O)NC(Cc1ccccc1)C(=O)CCC(=O)N1CCC[C@H]1C(=O)O,active,436.5080000000003,2.761020000000001,2.0,4.0,7.337242168318426
504,CHEMBL172917,CC(=O)NC(Cc1ccccc1)C(=O)CCC(=O)N1CCC[C@H]1C(=O)O,active,360.41000000000014,1.1586999999999996,2.0,4.0,6.481486060122113
505,CHEMBL176729,Cc1ccccc1C(=O)NC(Cc1ccccc1)C(=O)CCC(=O)N1CCC[C@H]1C(=O)OCc1ccccc1,intermediate,526.6330000000005,4.419820000000004,1.0,5.0,5.795880017344075
506,CHEMBL172015,O=C(NC(Cc1cccnc1)C(=O)CCC(=O)N1CCC[C@H]1C(=O)OCc1ccccc1)c1ccccc1,active,513.5940000000003,3.506400000000002,1.0,6.0,7.823908740944319
507,CHEMBL173822,O=C(NC(Cc1ccc(O)cc1)C(=O)CCC(=O)N1CCC[C@H]1C(=O)O)c1ccccc1,active,438.4800000000002,2.1582,3.0,5.0,8.327902142064282
508,CHEMBL176688,O=C(NC(Cc1cccnc1)C(=O)CCC(=O)N1CCC[C@H]1C(=O)O)c1ccccc1,active,423.46900000000016,1.8475999999999997,2.0,5.0,8.244125144327509
509,CHEMBL556775,Cl.NC(Cc1ccccc1)C(=O)CCC(=O)N1CCC[C@H]1C(=O)O,inactive,318.373,0.9812999999999998,2.0,4.0,4.6020599913279625
510,CHEMBL173849,COc1ccc(CC(NC(=O)c2ccccc2)C(=O)CCC(=O)N2CCC[C@H]2C(=O)O)cc1OC,active,482.5330000000004,2.4698,2.0,6.0,8.853871964321762
511,CHEMBL176970,O=C(NC(Cc1ccccc1)C(=O)CCC(=O)N1CCC[C@H]1C(=O)O)OCc1ccccc1,active,452.50700000000023,2.9490000000000007,2.0,5.0,6.619788758288394
512,CHEMBL366455,O=C(CCC(=O)C(Cc1ccccc1)NC(=O)c1ccccc1)N[C@H](Cc1ccccc1)C(=O)O,active,472.54100000000017,3.1891000000000016,3.0,4.0,7.552841968657781
513,CHEMBL172600,O=C(NC(Cc1ccccc1)C(=O)CCC(=O)N1CC(O)C[C@H]1C(=O)O)c1ccccc1,active,438.48000000000013,1.4233999999999996,3.0,5.0,6.267606240177032
514,CHEMBL172783,O=C(NC(Cc1ccccc1)C(=O)CCCC(=O)N1CCC[C@H]1C(=O)O)c1ccccc1,active,436.50800000000015,2.8427000000000007,2.0,4.0,7.376750709602099
515,CHEMBL172801,O=C(NC(Cc1ccc(OCc2ccccc2)cc1)C(=O)CCC(=O)N1CCC[C@H]1C(=O)O)c1ccccc1,active,528.6050000000005,4.031600000000003,2.0,5.0,8.0
516,CHEMBL369590,O=C(CCC(=O)C(Cc1ccccc1)NC(=O)c1ccccc1)NC(Cc1ccccc1)C(=O)OCc1ccccc1,active,562.6660000000003,4.8479000000000045,2.0,5.0,6.7447274948966935
517,CHEMBL298647,O=C(CN1Cc2c(Cl)cccc2NC1=O)NO,inactive,255.66100000000003,1.1928999999999998,3.0,3.0,4.045757490560675
518,CHEMBL366727,O=C(NC(Cc1ccccc1)/C(CCC(=O)N1CCC[C@H]1C(=O)O)=N/O)c1ccccc1,intermediate,437.4960000000001,2.7137000000000002,3.0,5.0,5.920818753952375
519,CHEMBL299946,O=C(CN1Cc2c(Cl)cccc2NS1(=O)=O)NO,inactive,291.716,0.3176999999999998,3.0,4.0,4.0
520,CHEMBL172913,CC(NC(=O)c1ccccc1)C(=O)CCC(=O)N1CCC[C@H]1C(=O)O,active,346.3830000000001,1.2298,2.0,4.0,6.522878745280337
521,CHEMBL172262,O=C(NC(Cc1ccccc1)C(=O)CCC(=O)N1CCC[C@H]1C(=O)O)c1ccco1,active,412.4420000000002,2.0455999999999994,2.0,5.0,8.853871964321762
522,CHEMBL368784,O=C(CCC(=O)N1CCC[C@H]1C(=O)O)C(Cc1ccccc1)NC(=O)C1CCCO1,active,416.4740000000002,1.3177999999999994,2.0,5.0,7.698970004336019
523,CHEMBL177394,COC(=O)[C@@H]1CCCN1C(=O)CCC(=O)C(Cc1ccccc1)NC(=O)c1ccccc1,active,436.50800000000004,2.5409999999999995,1.0,5.0,7.086186147616283
524,CHEMBL369809,CC(C)(C)OC(=O)[C@@H]1CCCN1C(=O)CCC(=O)C(Cc1ccc(OCc2ccccc2)cc1)NC(=O)c1ccccc1,intermediate,584.7130000000002,5.288700000000005,1.0,6.0,5.0655015487564325
525,CHEMBL368640,NC(=O)[C@@H]1CCCN1C(=O)CCC(=O)C(Cc1ccccc1)NC(=O)c1ccccc1,active,421.49700000000007,1.8532999999999995,2.0,4.0,6.823908740944319
526,CHEMBL172356,O=C(NC(Cc1ccc(OCc2ccccc2)cc1)C(=O)CCC(=O)N1CCC[C@H]1C(=O)OCc1ccccc1)c1ccccc1,active,618.7300000000005,5.690400000000007,1.0,6.0,7.0655015487564325
527,CHEMBL54677,CC(C)[C@@H](O)C[C@H](O)[C@H](CC1CCCCC1)NC(=O)[C@H](Cc1c[nH]cn1)NC(=O)c1cc2ccccc2[nH]1,inactive,523.6780000000001,3.4552000000000005,6.0,5.0,4.0
528,CHEMBL128223,O=C(/C=C\S)C1CC[C@@H](C(=O)O)C1,active,200.259,1.4999,2.0,3.0,6.187086643357144
529,CHEMBL2304318,C[C@H](N[C@](C)(CCc1ccccc1)C(=O)O)C(=O)N1CCC[C@H]1C(=O)O,active,362.42600000000016,1.5162,3.0,4.0,8.920818753952375
530,CHEMBL131552,C[C@@H](NC(=O)[C@H](Cc1ccccc1)NC(=O)c1ccccc1)C(=O)N1CCC[C@H]1C(=O)O,active,437.49600000000027,1.6079999999999997,3.0,4.0,8.494850021680094
531,CHEMBL340528,O=C(O)C(CCc1ccccc1)N[C@H]1CCCC2SC[C@@H](C(=O)O)N2C1=O,active,392.47700000000015,1.5692000000000002,3.0,5.0,9.221848749616356
532,CHEMBL290284,O=C(O)CN1C(=O)[C@@H](NC(CCc2ccccc2)C(=O)O)CSc2ccccc21,active,414.4830000000002,2.2541,3.0,5.0,8.522878745280337
533,CHEMBL177000,COC(=O)c1ccccc1NC(=O)CN(C)C(=O)C1C[C@@H](S)CN1S(=O)(=O)c1ccc2ccccc2c1,inactive,541.6510000000002,2.7849000000000004,2.0,7.0,4.436518914605589
534,CHEMBL367315,O=c1cc(N2CCOCC2)oc2ccccc12,inactive,231.251,1.6296,0.0,4.0,4.872895201635193
535,CHEMBL191879,CC(=O)S[C@@H]1C[C@@H](COCc2cc(F)c(F)cc2F)N(C(=O)Oc2cccc3c2OCCO3)C1,inactive,497.49100000000027,4.3133000000000035,0.0,7.0,4.0
536,CHEMBL193490,O=C(S[C@@H]1C[C@@H](COCc2cc(F)c(F)cc2F)N(C(=O)Oc2cccc3c2OCCO3)C1)c1ccccc1,inactive,559.5620000000004,5.607200000000005,0.0,7.0,4.0
537,CHEMBL192441,CC(C)OC(=O)N1C[C@H](S)CC1CNCc1cc(F)ccc1F,inactive,344.427,2.972100000000001,2.0,4.0,4.0
538,CHEMBL194651,CCCc1cnc(N2C[C@H](S)CC2CNCc2cc(F)ccc2F)nc1,inactive,378.492,3.374200000000002,2.0,5.0,4.501689446210399
539,CHEMBL425383,Cc1ccc(S(=O)(=O)N(C)NC(=O)C2C[C@@H](S)CN2S(=O)(=O)c2ccc3ccccc3c2)cc1,inactive,519.6700000000002,2.56152,2.0,6.0,4.835647144215563
540,CHEMBL196902,O=C(O)CCNC(=O)C(CS)Cc1ccccc1,inactive,267.35,1.3660000000000003,3.0,3.0,4.494850021680094
541,CHEMBL372307,O=C(N[C@H]1CCCSC2CCC[C@@H](C(=O)O)N21)[C@@H](S)Cc1ccccc1,active,394.56200000000007,2.7620000000000005,3.0,5.0,8.301029995663981
542,CHEMBL198316,O=C(N[C@H]1Cc2ccccc2C2CCC[C@H](C(=O)O)N2C1=O)[C@H](S)Cc1ccccc1,active,438.5490000000001,2.775400000000001,3.0,4.0,9.958607314841775
543,CHEMBL378864,CN[C@@H](Cc1c[nH]c2ccccc12)C(=O)N[C@@H](CCCN)C(=O)N1CCC[C@H]1C(=O)O,inactive,429.5210000000003,0.5977000000000019,5.0,5.0,5.0
544,CHEMBL381557,NCCC[C@H](NC(=O)[C@@H](N)Cc1c[nH]c2ccc(O)cc12)C(=O)N1CCC[C@H]1C(=O)O,intermediate,431.4930000000002,0.042600000000002136,6.0,6.0,5.3979400086720375
545,CHEMBL383507,NCCC[C@H](NC(=O)[C@@H](N)Cc1ccsc1)C(=O)N1CCC[C@H]1C(=O)O,active,382.48600000000016,-0.08279999999999804,4.0,6.0,6.221848749616356
546,CHEMBL204944,NCCC[C@H](NC(=O)CCc1nc2ccccc2[nH]1)C(=O)N1CCC[C@H]1C(=O)O,inactive,401.4670000000002,0.7948000000000002,4.0,5.0,5.0
547,CHEMBL450935,CC(C)CN(C[C@H](O)C(=O)O)C(=O)N[C@@H](Cc1ccc2ccccc2c1)C(=O)O,active,402.4470000000001,1.9485999999999999,4.0,4.0,7.2839966563652006
548,CHEMBL442455,CC(C)CN(CP(=O)(O)O)C(=O)N[C@@H](Cc1ccc2ccccc2c1)C(=O)O,active,408.39100000000013,2.6383,4.0,3.0,7.5376020021010435
549,CHEMBL271718,O=C(O)[C@H](Cc1ccc2ccccc2c1)NC(=O)N(CCN1C(=O)c2cccc3cccc(c23)C1=O)C[C@H](O)C(=O)O,intermediate,569.5700000000005,2.7420000000000013,4.0,6.0,5.703334809738469
550,CHEMBL256895,O=C(O)[C@H](Cc1ccc2ccccc2c1)NC(=O)N(Cc1ccc2c(c1)Cc1ccccc1-2)C[C@H](O)C(=O)O,active,524.5730000000004,4.064000000000002,4.0,4.0,6.823908740944319
551,CHEMBL273140,O=C1c2ccccc2C(=O)c2cc(CN(C[C@H](O)C(=O)O)C(=O)N[C@@H](Cc3ccc4ccccc4c3)C(=O)O)ccc21,active,566.5660000000003,3.268200000000001,4.0,6.0,7.3979400086720375
552,CHEMBL258130,O=C1c2ccccc2-c2ccc(CN(C[C@H](O)C(=O)O)C(=O)N[C@@H](Cc3ccc4ccccc4c3)C(=O)O)cc21,active,538.5560000000002,3.704200000000002,4.0,5.0,7.4089353929735005
553,CHEMBL273142,CC(C)(C)CN(C[C@H](O)C(=O)O)C(=O)N[C@@H](Cc1ccc2ccccc2c1)C(=O)O,active,416.47400000000016,2.3387,4.0,4.0,6.718966632752273
554,CHEMBL258278,CC(C)CN(C[C@H](O)C(=O)O)C(=O)N[C@@H](Cc1ccc(O)c(O)c1)C(=O)O,active,384.3850000000001,0.20660000000000045,6.0,6.0,7.638272163982407
555,CHEMBL270576,CC(C)CN(C[C@H](O)C(=O)O)C(=O)N[C@@H](Cc1ccc(O)cc1)C(=O)O,active,368.3860000000001,0.5010000000000001,5.0,5.0,7.221848749616356
556,CHEMBL409720,CC(C)CN(C[C@H](O)C(=O)O)C(=O)N[C@@H](Cc1ccc(-c2ccccc2)cc1)C(=O)O,active,428.4850000000001,2.4624000000000006,4.0,4.0,7.455931955649724
557,CHEMBL409920,CC(C)CN(C[C@H](O)C(=O)O)C(=O)N[C@@H](Cc1cccc2ccccc12)C(=O)O,active,402.4470000000001,1.9485999999999999,4.0,4.0,6.958607314841775
558,CHEMBL255568,CC(C)CN(C[C@H](O)C(=O)O)C(=O)N[C@@H](Cc1c[nH]c2ccccc12)C(=O)O,active,391.4240000000001,1.2767,5.0,4.0,6.987162775294828
559,CHEMBL6246,O=c1oc2c(O)c(O)cc3c(=O)oc4c(O)c(O)cc1c4c23,inactive,302.194,1.3127999999999997,4.0,8.0,2.3010299956639813
560,CHEMBL449392,O=C(O[C@@H]1O[C@@H]2COC(=O)c3cc(O)c(O)c(O)c3-c3c(cc(O)c(O)c3O)C(=O)O[C@H]([C@H]1O)[C@@H]2O)c1cc(O)c(O)c(O)c1,inactive,634.4550000000004,-0.29650000000000065,11.0,18.0,2.431798275933005
561,CHEMBL288114,O=C(O)c1cc(O)c(O)c(O)c1,inactive,170.11999999999998,0.5015999999999998,4.0,4.0,2.113509274827518
562,CHEMBL506069,O=C1O[C@H]2[C@@H]3OC(=O)c4cc(O)c(O)c(O)c4-c4c(cc(O)c(O)c4O)C(=O)OC[C@H]2O[C@@H](OC(=O)c2cc(O)c(O)c(O)c2)[C@@H]3OC(=O)c2cc(O)c(O)c3c2[C@@H]2C1=CC(=O)[C@](O)(O3)C2(O)O,inactive,952.6480000000005,-1.1015000000000004,14.0,27.0,3.3979400086720375
563,CHEMBL499305,CC(C)c1ccc(CS[C@@H]2CC[C@@H](C(=O)O)N2C(=O)[C@H](C)CS)cc1,active,381.56300000000005,4.010800000000003,2.0,4.0,8.481486060122112
564,CHEMBL502817,C[C@H](CS)C(=O)N1[C@@H](SCc2ccc(C3CCCCC3)cc2)CC[C@H]1C(=O)O,active,421.6280000000003,4.935100000000004,2.0,4.0,6.552841968657781
565,CHEMBL500409,C[C@H](CS)C(=O)N1[C@@H](SCc2ccc(C(C)(C)C)cc2)CC[C@H]1C(=O)O,active,395.5900000000002,4.1849000000000025,2.0,4.0,6.3872161432802645
566,CHEMBL525967,CSc1ccc(CS[C@H]2CC[C@@H](C(=O)O)N2C(=O)[C@H](C)CS)cc1,active,385.5760000000001,3.609300000000002,2.0,5.0,8.387216143280265
567,CHEMBL500408,Cc1ccccc1CS[C@H]1CC[C@@H](C(=O)O)N1C(=O)[C@H](C)CS,active,353.50900000000007,3.1958200000000017,2.0,4.0,8.638272163982407
568,CHEMBL499612,Cc1cccc(CS[C@H]2CC[C@@H](C(=O)O)N2C(=O)[C@H](C)CS)c1,active,353.50900000000007,3.195820000000001,2.0,4.0,9.045757490560675
569,CHEMBL499611,CC(C)c1ccc(CCCS[C@H]2CC[C@@H](C(=O)O)N2C(=O)[C@H](C)CS)cc1,active,409.6170000000001,4.443400000000005,2.0,4.0,7.823908740944319
570,CHEMBL525948,CC(C)c1ccc(CCS[C@H]2CC[C@@H](C(=O)O)N2C(=O)[C@H](C)CS)cc1,active,395.5900000000001,4.053300000000003,2.0,4.0,7.721246399047171
571,CHEMBL449792,CC(C)c1ccc(CS[C@H]2CC[C@@H](C(=O)O)N2C(=O)[C@H](C)CS)cc1,active,381.56300000000005,4.010800000000003,2.0,4.0,8.075720713938118
572,CHEMBL499610,C[C@H](CS)C(=O)N1[C@@H](SCc2ccc3ccccc3c2)CC[C@H]1C(=O)O,active,389.5420000000002,4.040600000000003,2.0,4.0,8.3767507096021
573,CHEMBL526896,C[C@H](CS)C(=O)N1[C@@H](SCc2cccc3ccccc23)CC[C@H]1C(=O)O,active,389.5420000000002,4.040600000000002,2.0,4.0,8.494850021680094
574,CHEMBL443353,C[C@H](CS)C(=O)N1[C@@H](SCCCc2ccccc2)CC[C@H]1C(=O)O,active,367.5360000000001,3.320000000000001,2.0,4.0,10.537602002101044
575,CHEMBL526298,C[C@H](CS)C(=O)N1[C@@H](SCCc2ccccc2)CC[C@H]1C(=O)O,active,353.5090000000001,2.929900000000001,2.0,4.0,9.744727494896694
576,CHEMBL498798,C[C@H](CS)C(=O)N1[C@@H](SCc2ccccc2)CC[C@H]1C(=O)O,active,339.48200000000014,2.8874000000000004,2.0,4.0,8.619788758288394
577,CHEMBL477740,O=c1c2cc(O)c(O)cc2oc2c(O)c(O)ccc12,inactive,260.20099999999996,1.7685999999999997,4.0,6.0,4.450996737974212
578,CHEMBL12700,O=c1c2cc(O)c(O)cc2oc2cc(O)c(O)cc12,inactive,260.20099999999996,1.7686,4.0,6.0,3.114073660198569
579,CHEMBL187265,O=c1c2cc(O)c(O)cc2oc2cc(O)cc(O)c12,inactive,260.20099999999996,1.7685999999999997,4.0,6.0,3.275069085807602
580,CHEMBL477921,O=c1c2ccc(O)c(O)c2oc2c(O)c(O)ccc12,inactive,260.20099999999996,1.7685999999999997,4.0,6.0,3.6225116166238673
581,CHEMBL448040,O=c1c2ccc(O)c(O)c2oc2cc(O)cc(O)c12,inactive,260.20099999999996,1.7685999999999997,4.0,6.0,4.1598939055432425
582,CHEMBL513281,O=C1C2=C(CCCC2)S(=O)(=O)N1c1cccc(Cl)n1,inactive,298.75100000000003,2.2394999999999996,0.0,4.0,4.0
583,CHEMBL518500,O=C1c2ccccc2S(=O)(=O)N1c1c(F)c(F)nc(F)c1F,inactive,332.234,1.9870999999999999,0.0,4.0,4.0
584,CHEMBL512569,O=C1C2=C(CCCC2)S(=O)(=O)N1c1ccncc1.[O-][Cl+3]([O-])([O-])O,inactive,264.306,1.5861,0.0,4.0,4.0
585,CHEMBL503392,O=C1C2=C(CCCC2)S(=O)(=O)N1c1c(F)c(F)c(F)c(F)c1F,inactive,353.26800000000003,2.8866000000000014,0.0,3.0,4.0
586,CHEMBL461946,CC1=C(c2ccccc2)C(=O)N(c2c(F)c(F)nc(F)c2F)S1(=O)=O,inactive,372.299,2.7456000000000005,0.0,4.0,4.0
587,CHEMBL512758,CC1=C(C)S(=O)(=O)N(c2c(F)c(F)nc(F)c2F)C1=O,inactive,310.228,1.6083,0.0,4.0,4.0
588,CHEMBL461945,O=C1C2=C(CCCC2)S(=O)(=O)N1c1c(F)c(F)nc(F)c1F,inactive,336.266,2.1425,0.0,4.0,4.0
589,CHEMBL459684,O=C1C2=C(CCCC2)S(=O)(=O)N1c1ncc(F)cc1F,inactive,300.286,1.8643,0.0,4.0,4.0
590,CHEMBL459683,O=C1C2=C(CCCC2)S(=O)(=O)N1c1cccc(Br)n1,inactive,343.202,2.3486000000000002,0.0,4.0,4.0
591,CHEMBL457317,C[C@H](CS)C(=O)N[C@@H](CSCc1ccc(N(C)C)cc1)C(=O)O,active,356.5130000000001,2.1210999999999998,3.0,5.0,6.2839966563652006
592,CHEMBL451209,C[C@H](CS)C(=O)N[C@@H](CSCc1ccccc1)C(=O)O,active,313.444,2.0551,3.0,4.0,7.468521082957745
593,CHEMBL467755,C[C@H](CS)C(=O)N[C@@H](CSCc1ccc(F)cc1)C(=O)O,active,331.434,2.1942,3.0,4.0,7.0
594,CHEMBL444474,C[C@H](CS)C(=O)N[C@@H](CSCc1ccc(Cl)cc1)C(=O)O,active,347.889,2.7085,3.0,4.0,6.6020599913279625
595,CHEMBL513671,C[C@H](CS)C(=O)N[C@@H](CSCc1ccc(Br)cc1)C(=O)O,active,392.34000000000003,2.8176000000000005,3.0,4.0,6.552841968657781
596,CHEMBL459959,C[C@H](CS)C(=O)N[C@@H](CSCc1ccc(I)cc1)C(=O)O,active,439.34000000000003,2.6597,3.0,4.0,6.853871964321762
597,CHEMBL459960,Cc1ccc(CSC[C@H](NC(=O)[C@H](C)CS)C(=O)O)cc1,active,327.4710000000001,2.3635200000000003,3.0,4.0,6.619788758288394
598,CHEMBL459961,C[C@H](CS)C(=O)N[C@@H](CSCc1ccc(C(F)(F)F)cc1)C(=O)O,active,381.44100000000003,3.073900000000001,3.0,4.0,6.468521082957745
599,CHEMBL511184,CCc1ccc(CSC[C@H](NC(=O)[C@H](C)CS)C(=O)O)cc1,active,341.498,2.6174999999999997,3.0,4.0,7.6777807052660805
600,CHEMBL461021,CCCc1ccc(CSC[C@H](NC(=O)[C@H](C)CS)C(=O)O)cc1,active,355.525,3.007600000000001,3.0,4.0,6.6777807052660805
601,CHEMBL461022,CC(C)c1ccc(CSC[C@H](NC(=O)[C@H](C)CS)C(=O)O)cc1,active,355.525,3.1785000000000014,3.0,4.0,6.522878745280337
602,CHEMBL463320,C[C@H](CS)C(=O)N[C@@H](CSCc1ccc(C(C)(C)C)cc1)C(=O)O,active,369.5520000000001,3.3526000000000016,3.0,4.0,6.886056647693163
603,CHEMBL463520,C[C@H](CS)C(=O)N[C@@H](CSCc1ccc(-c2ccccc2)cc1)C(=O)O,active,389.54200000000003,3.722100000000002,3.0,4.0,6.552841968657781
604,CHEMBL512941,C[C@H](CS)C(=O)N[C@@H](CSCc1ccc(C2CCCCC2)cc1)C(=O)O,intermediate,395.59000000000026,4.102800000000003,3.0,4.0,5.3979400086720375
605,CHEMBL511344,COc1ccc(CSC[C@H](NC(=O)[C@H](C)CS)C(=O)O)cc1,active,343.47,2.0637,3.0,5.0,7.0
606,CHEMBL515834,C[C@H](CS)C(=O)N[C@@H](CSCc1ccc(OC(F)(F)F)cc1)C(=O)O,active,397.44000000000005,2.9537000000000004,3.0,5.0,6.585026652029182
607,CHEMBL457571,CCOc1ccc(CSC[C@H](NC(=O)[C@H](C)CS)C(=O)O)cc1,active,357.497,2.4538,3.0,5.0,6.468521082957745
608,CHEMBL514268,C[C@H](CS)C(=O)N[C@@H](CSCc1ccc(Oc2ccccc2)cc1)C(=O)O,active,405.5410000000001,3.8474000000000013,3.0,5.0,6.431798275933005
609,CHEMBL457795,CCN(CC)c1ccc(CSC[C@H](NC(=O)[C@H](C)CS)C(=O)O)cc1,intermediate,384.56700000000006,2.901300000000001,3.0,5.0,5.337242168318426
610,CHEMBL457796,C[C@H](CS)C(=O)N[C@@H](CSCc1ccc(C#N)cc1)C(=O)O,active,338.454,1.9267799999999997,3.0,5.0,6.522878745280337
611,CHEMBL456278,C[C@H](CS)C(=O)N[C@@H](CSCc1ccc([N+](=O)[O-])cc1)C(=O)O,active,358.4410000000001,1.9632999999999996,3.0,6.0,6.494850021680094
612,CHEMBL511849,CSc1ccc(CSC[C@H](NC(=O)[C@H](C)CS)C(=O)O)cc1,active,359.538,2.777,3.0,5.0,6.522878745280337
613,CHEMBL458237,C[C@H](CS)C(=O)N[C@@H](CSCc1ccc(S(C)(=O)=O)cc1)C(=O)O,active,391.5360000000001,1.4586,3.0,6.0,6.522878745280337
614,CHEMBL511339,CC(C)c1ccc(CSC(C)(C)[C@H](NC(=O)[C@H](C)CS)C(=O)O)cc1,inactive,383.57900000000006,3.9571000000000023,3.0,4.0,5.0
615,CHEMBL458238,CC(C)c1ccc(C(C)SC[C@H](NC(=O)[C@H](C)CS)C(=O)O)cc1,active,369.552,3.7395000000000023,3.0,4.0,6.698970004336019
616,CHEMBL458447,CCC(SC[C@H](NC(=O)[C@H](C)CS)C(=O)O)c1ccc(C(C)C)cc1,active,383.5790000000001,4.1296000000000035,3.0,4.0,6.468521082957745
617,CHEMBL458450,CCCC(SC[C@H](NC(=O)[C@H](C)CS)C(=O)O)c1ccc(C(C)C)cc1,active,397.6060000000001,4.519700000000003,3.0,4.0,6.376750709602099
618,CHEMBL458451,CC(C)c1ccc(C(SC[C@H](NC(=O)[C@H](C)CS)C(=O)O)C(C)C)cc1,active,397.60600000000005,4.375600000000003,3.0,4.0,6.366531544420414
619,CHEMBL505067,CCCCC(SC[C@H](NC(=O)[C@H](C)CS)C(=O)O)c1ccc(C(C)C)cc1,intermediate,411.6330000000002,4.909800000000004,3.0,4.0,5.443697499232712
620,CHEMBL516325,CC(C)c1ccc(C(SC[C@H](NC(=O)[C@H](C)CS)C(=O)O)c2ccccc2)cc1,intermediate,431.62300000000005,4.767900000000004,3.0,4.0,5.769551078621726
621,CHEMBL456723,CC(C)c1ccc(C(C)(C)SC[C@H](NC(=O)[C@H](C)CS)C(=O)O)cc1,active,383.57900000000006,3.9136000000000024,3.0,4.0,6.585026652029182
622,CHEMBL456044,C[C@H](CS)C(=O)N[C@@H](CSC(c1ccccc1)c1ccc(C2CCCCC2)cc1)C(=O)O,inactive,471.68800000000033,5.692200000000005,3.0,4.0,5.0
623,CHEMBL456045,C[C@H](CS)C(=O)N[C@@H](CSC(C)(C)c1ccc(C2CCCCC2)cc1)C(=O)O,intermediate,423.6440000000003,4.837900000000004,3.0,4.0,5.522878745280337
624,CHEMBL560685,O=C(CC(S)C(F)(F)F)NC(Cc1ccccc1)C(=O)O,active,321.32000000000005,2.0493,3.0,3.0,6.080921907623926
625,CHEMBL540674,O=C(CC(S)C(F)(F)F)NC(Cc1ccc(O)cc1)C(=O)O,active,337.3190000000001,1.7549,4.0,4.0,6.795880017344075
626,CHEMBL551145,O=C(CC(S)C(F)(F)F)NC(Cc1ccc(F)cc1)C(=O)O,active,339.31000000000006,2.1883999999999997,3.0,3.0,6.522878745280337
627,CHEMBL551622,O=C(CC(S)C(F)(F)F)NC(Cc1c[nH]c2ccccc12)C(=O)O,active,360.3570000000001,2.5306000000000006,4.0,3.0,6.3979400086720375
628,CHEMBL558146,O=C(CC(S)C(F)(F)C(F)(F)F)NC(Cc1ccccc1)C(=O)O,intermediate,371.32700000000006,2.6845999999999997,3.0,3.0,5.995678626217358
629,CHEMBL560409,O=C(CC(S)C(F)(F)F)NC(Cc1ccccc1)C(=O)NC(Cc1ccc(O)cc1)C(=O)O,active,484.4960000000002,2.4824,5.0,5.0,6.552841968657781
630,CHEMBL572982,O=C(O)CC(O)CCc1ccc(-c2ccccc2)cc1,inactive,270.32800000000003,3.121800000000002,2.0,2.0,3.6020599913279625
631,CHEMBL43370,CS(=O)(=O)N[C@@H](CCCCN)C(=O)N[C@@H](Cc1ccccc1)P(=O)(O)CC1(C(=O)N[C@@H](Cc2c[nH]c3ccccc23)C(=O)O)CCCC1,active,703.799,2.842400000000004,7.0,7.0,8.602059991327963
632,CHEMBL567893,COC(=O)[C@@H]1CCCN1C(=O)[C@@H](Cc1ccccc1)N(C)C(=O)[C@H](C)NC(=O)[C@@H](NC(=O)C[C@H](O)[C@H](CC(C)C)NC(=O)[C@H](CC(N)=O)NC(=O)[C@H](CC(C)C)NC(=O)[C@H](OC(=O)[C@@H](OC(=O)[C@H](C(C)C)N(C)C)C(C)C)C(C)C)[C@@H](C)O,inactive,1174.4449999999988,0.48519999999999347,8.0,17.0,5.0
633,CHEMBL1242210,CN1CCN(c2cccc3nc(CN(C)[C@H]4CCCc5cccnc54)c(CO)n23)CC1,active,420.5610000000002,2.482800000000001,1.0,7.0,6.714442690992226
634,CHEMBL2153745,O=C(N[C@@H](CCc1ccccc1)CP(=O)(O)CC(=O)N1CCC[C@H]1C(=O)O)c1ccccc1,active,472.47800000000024,2.7638000000000007,3.0,4.0,7.920818753952375
635,CHEMBL2097001,C[C@H](C[Si](O)(O)[C@H](Cc1ccccc1)NC(=O)c1ccccc1)C(=O)N1CCC[C@H]1C(=O)O,active,470.5980000000003,1.7053999999999996,4.0,5.0,8.42021640338319
636,CHEMBL328537,C[C@@H](CC(=O)[C@@H](Cc1ccccc1)NC(=O)c1ccccc1)C(=O)N1CCC[C@H]1C(=O)O,intermediate,436.50800000000027,2.6986000000000008,2.0,4.0,5.494850021680094
637,CHEMBL328814,C[C@@H](C[Si](O)(O)[C@@H](Cc1ccccc1)NC(=O)c1ccccc1)C(=O)N1CCC[C@H]1C(=O)O,active,470.5980000000003,1.7053999999999996,4.0,5.0,7.142667503568731
638,CHEMBL95564,C[C@H](CC(=O)[C@H](Cc1ccccc1)NC(=O)c1ccccc1)C(=O)N1CCC[C@H]1C(=O)O,active,436.50800000000027,2.6986000000000008,2.0,4.0,9.0
639,CHEMBL2442646,CCCC(N[C@@H](C)C(=O)N1[C@H](C(=O)O)C[C@@H]2CCCC[C@@H]21)P(=O)(O)O,active,376.39000000000004,1.5126999999999988,4.0,4.0,7.522878745280337
640,CHEMBL2442647,C[C@H](NC(CCc1ccccc1)P(=O)(O)O)C(=O)N1[C@H](C(=O)O)C[C@@H]2CCCC[C@@H]21,active,438.4610000000003,2.3453999999999997,4.0,4.0,7.3979400086720375
641,CHEMBL1581,CCC[C@H](N[C@@H](C)C(=O)N1[C@H](C(=O)O)C[C@@H]2CCCC[C@@H]21)C(=O)OCC,active,368.47400000000016,1.940599999999999,2.0,5.0,8.823908740944319
642,CHEMBL3221963,CC(C)C[C@@H](CC(=O)N[C@@H](CO)C(=O)O)C(=O)O,inactive,261.27399999999994,-0.3148999999999998,4.0,4.0,4.499999953328896
643,CHEMBL3221964,CC(C)C[C@H](CC(=O)N[C@@H](CO)C(=O)O)C(=O)O,inactive,261.27399999999994,-0.3148999999999998,4.0,4.0,4.499999953328896
644,CHEMBL3221965,CC(C)C[C@@H](CC(=O)O)C(=O)N[C@@H](CO)C(=O)O,inactive,261.274,-0.3148999999999998,4.0,4.0,4.499999953328896
645,CHEMBL3222111,CC(C)C[C@H](CC(=O)O)C(=O)N[C@@H](CO)C(=O)O,inactive,261.274,-0.3148999999999998,4.0,4.0,4.499999953328896
646,CHEMBL3235416,CNC(=O)[C@H](Cc1c[nH]cn1)NC(=O)CN(CCCc1ccccc1)CC(=O)O,inactive,401.46700000000016,0.20240000000000097,4.0,5.0,4.0
647,CHEMBL3264357,N[C@@H](Cc1ccc(O)cc1)P(=O)(O)O,active,217.16099999999997,0.39720000000000005,4.0,3.0,6.0
648,CHEMBL1233799,CC[C@H](C)[C@H](NC(C)=O)C(=O)N[C@@H](Cc1ccc(O)cc1)C(=O)N[C@@H](Cc1ccc(O)cc1)P(=O)(O)O,active,535.5340000000002,1.5385999999999997,7.0,6.0,6.958607314841775
649,CHEMBL3264009,CC[C@H](C)[C@H](NC(C)=O)C(=O)N[C@@H](CC(C)C)C(=O)N[C@@H](Cc1ccc(O)cc1)P(=O)(O)O,active,485.51800000000014,1.636400000000001,6.0,5.0,7.920818753952375
650,CHEMBL3264007,CN[C@H](C(=O)N[C@@H](Cc1ccccc1)C(=O)N[C@@H](Cc1ccc(O)cc1)P(=O)(O)O)C(C)C,active,477.4980000000002,1.5261999999999998,6.0,5.0,6.657577319177793
651,CHEMBL3264008,CN[C@H](C(=O)N[C@@H](Cc1ccc(O)cc1)C(=O)N[C@@H](Cc1ccc(O)cc1)P(=O)(O)O)C(C)C,active,493.4970000000002,1.2318000000000002,7.0,6.0,7.2839966563652006
652,CHEMBL3264010,CC[C@H](C)[C@H](NC(C)=O)C(=O)N[C@@H](Cc1ccccc1)C(=O)N[C@@H](Cc1ccc(O)cc1)P(=O)(O)O,active,519.5350000000002,1.8330000000000002,6.0,5.0,8.154901959985743
653,CHEMBL3581909,O=C(OC1O[C@H](CO)[C@@H](O)[C@H](O)[C@H]1O)C1CSSC1,inactive,312.36500000000007,-1.6592999999999998,4.0,9.0,3.4596705252091264
654,CHEMBL3581908,N=C(N)NCCC[C@H](NC(=O)C1CSSC1)C(=O)O,inactive,306.41300000000007,-0.16973000000000021,5.0,5.0,3.94692155651658
655,CHEMBL3581907,N[C@@H](CCN[C@@H](CCN1CC[C@H]1C(=O)O)C(=O)O)C(=O)O,inactive,303.315,-1.6197999999999961,5.0,6.0,4.728158393463501
656,CHEMBL4110944,CC(C)C[C@H](S)C(=O)N1C[C@@H](F)C[C@H]1C(=O)N1CCC[C@H]1C(=O)N1CC[C@@H](C(=O)O)C1,inactive,457.5680000000003,1.1940000000000008,2.0,5.0,4.167491087293763
657,CHEMBL3960222,CC(C)C[C@H](S)C(=O)N1CCC[C@H]1C(=O)N1CCC[C@H]1C(=O)N1CC[C@H](C(=O)O)C1,inactive,439.5780000000003,1.246000000000001,2.0,5.0,4.309803919971486
658,CHEMBL3932740,CC(C)C[C@H](S)C(=O)N1CCC[C@H]1C(=O)N1CCC[C@H]1C(=O)N1CCC[C@@H]1C(=O)O,inactive,439.5780000000003,1.3885,2.0,5.0,4.920818753952375
659,CHEMBL3954917,CC(C)C[C@H](S)C(=O)N1CCC[C@H]1C(=O)N1CCC[C@H]1C(=O)N(C)[C@@H](C)C(=O)O,active,427.56700000000023,1.2444000000000004,2.0,5.0,6.1938200260161125
660,CHEMBL1422,N[C@@H](CC(=O)N1CCn2c(nnc2C(F)(F)F)C1)Cc1cc(F)c(F)cc1F,inactive,407.31800000000015,2.0164999999999997,1.0,5.0,4.958607314841775
661,CHEMBL4067185,C[C@H](N[C@@H](CCc1ccccc1)C(=O)O)C(=O)N1C[C@@H](NC(=O)C[C@H](N)Cc2cc(F)c(F)cc2F)C[C@H]1C(=O)O,active,578.5880000000003,1.5982000000000023,5.0,6.0,6.801342913045577
662,CHEMBL4086264,CC[C@H](N[C@@H](CCc1ccccc1)C(=O)O)C(=O)N1C[C@@H](NC(=O)C[C@H](N)Cc2cc(F)c(F)cc2F)C[C@H]1C(=O)O,active,592.6150000000002,1.988300000000002,5.0,6.0,8.065501548756432
663,CHEMBL4078112,CCC[C@H](N[C@@H](CCc1ccccc1)C(=O)O)C(=O)N1C[C@@H](NC(=O)C[C@H](N)Cc2cc(F)c(F)cc2F)C[C@H]1C(=O)O,active,606.6420000000003,2.378400000000002,5.0,6.0,7.292429823902063
664,CHEMBL4090635,CCCC[C@H](N[C@@H](CCc1ccccc1)C(=O)O)C(=O)N1C[C@@H](NC(=O)C[C@H](N)Cc2cc(F)c(F)cc2F)C[C@H]1C(=O)O,active,620.6690000000003,2.768500000000002,5.0,6.0,6.554395796726403
665,CHEMBL4163389,CN1C(=O)/C(=N\C(=S)NCc2cc3ccccc3cc2O)c2ccccc21,active,375.45300000000015,3.385600000000002,2.0,3.0,7.651695136951839
666,CHEMBL4171024,CCCN1C(=O)/C(=N\C(=S)NCc2cc3ccccc3cc2O)c2ccccc21,active,403.5070000000001,4.1658000000000035,2.0,3.0,7.928117992693875
667,CHEMBL4160421,O=C1/C(=N\C(=S)NCc2cc3ccccc3cc2O)c2ccccc2N1CCBr,active,468.37600000000015,4.150700000000002,2.0,3.0,8.386158178123932
668,CHEMBL4167651,CC(=O)N1C(=O)/C(=N\C(=S)NCc2cc3ccccc3cc2O)c2ccccc21,active,403.46300000000014,3.3023000000000016,2.0,4.0,7.97183558057553
669,CHEMBL4175518,COc1ccc(N2C(=O)/C(=N/C(=S)NCc3cc4ccccc4cc3O)c3ccccc32)cc1,active,467.5500000000002,5.096100000000004,2.0,4.0,8.00788851221305
670,CHEMBL4159339,CC(=O)CN1C(=O)/C(=N\C(=S)NCc2cc3ccccc3cc2O)c2ccccc21,active,417.4900000000001,3.344800000000002,2.0,4.0,6.950781977329818
671,CHEMBL4167252,O=C1/C(=N\C(=S)NCc2cc3ccccc3cc2O)c2ccccc2N1c1ccccc1,active,437.5240000000001,5.087500000000004,2.0,3.0,7.721932669111338
672,CHEMBL4174467,O=C(O)CN1C(=O)/C(=N\C(=S)NCc2cc3ccccc3cc2O)c2ccccc21,active,419.46200000000016,2.8404000000000007,3.0,4.0,8.545765104251734
673,CHEMBL4163798,O=C1/C(=N\C(=S)NCc2cc3ccccc3cc2O)c2ccccc2N1c1ccccc1Cl,active,471.96900000000016,5.740900000000004,2.0,3.0,7.820735535660974
674,CHEMBL4166152,Cc1ccc(C(=O)N2C(=O)/C(=N\C(=S)NCc3cc4ccccc4cc3O)c3ccccc32)cc1,active,479.5610000000002,4.904620000000004,2.0,4.0,7.615825861192967
675,CHEMBL4174072,COc1ccc(CN2C(=O)/C(=N\C(=S)NCc3cc4ccccc4cc3O)c3ccccc32)cc1,active,481.57700000000017,4.964600000000004,2.0,4.0,8.11690664142431
676,CHEMBL4163792,O=C1/C(=N\C(=S)NCc2cc3ccccc3cc2O)c2ccccc2N1C(=O)c1ccccc1,active,465.53400000000016,4.596200000000003,2.0,4.0,8.053498609430413
677,CHEMBL858,O=C(O)CN(CCN(CC(=O)O)CC(=O)O)CC(=O)O,inactive,292.244,-2.0711999999999957,4.0,6.0,4.853871964321762
678,CHEMBL4172457,CCCCCCC[C@H](N)C(O)C(=O)N[C@@H](C)C(=O)N[C@H](C(=O)O)C(C)C,inactive,373.49400000000014,0.7652000000000023,5.0,5.0,3.337242168318426
679,CHEMBL4161811,CCCCCCC[C@H](N)[C@H](O)C(=O)N(C)[C@@H](CC[S+](C)[O-])C(=O)N[C@@H](Cc1ccc(O)cc1)C(=O)O,inactive,527.6840000000003,1.1484000000000025,5.0,7.0,4.508638306165727
680,CHEMBL4248427,C[C@H](CS)C(=O)N1C[Si](C)(C)C[C@H]1C(=O)O,active,261.419,1.0952999999999997,2.0,3.0,7.366531544420414
681,CHEMBL289556,O=C(N[C@H]1CCS[C@H]2CCC[C@@H](C(=O)O)N2C1=O)[C@@H](S)Cc1ccccc1,active,408.5450000000001,1.9409999999999996,3.0,5.0,8.698970004336019
682,CHEMBL4294217,O=C(N[C@H]1CCS[C@H]2CCC[C@@H](C(=O)O)N2C1=O)[C@H](Cc1ccccc1)SS[C@@H](Cc1ccccc1)C(=O)N[C@H]1CCS[C@H]2CCC[C@@H](C(=O)O)N2C1=O,intermediate,815.0739999999998,4.417400000000002,4.0,10.0,5.657577319177793
683,CHEMBL4435800,CCOc1nc(CC)c(CNC(=O)[C@@H](S)CC(C)C)n1Cc1ccc(-c2ccccc2C(=O)O)cc1F,inactive,527.6620000000004,5.357500000000005,3.0,6.0,5.0
684,CHEMBL4476621,O=C(NNC(=S)Nc1ccc(Cl)c(Cl)c1)c1ccccc1O,active,356.2340000000001,3.3304000000000005,4.0,3.0,9.154901959985743
685,CHEMBL417007,C[C@H](C[C@@H](Cc1ccc(-c2ccccc2)cc1)NC(=O)CCC(=O)O)C(=O)O,inactive,383.44400000000024,3.3565000000000005,3.0,3.0,4.0
686,CHEMBL2402203,C[C@H](NC(=O)[C@H](Cc1ccccc1)NC(=O)OCc1ccccc1)C(=O)CF,inactive,386.4230000000001,2.567400000000001,2.0,4.0,4.0
687,CHEMBL4590201,O=C(CF)CNC(=O)[C@H](Cc1ccccc1)NC(=O)c1ccccc1,inactive,342.37000000000006,1.6824999999999994,2.0,3.0,4.0
688,CHEMBL4520267,O=C(CF)CNC(=O)[C@H](Cc1ccccc1)NC(=O)c1cccc2ccccc12,inactive,392.4300000000001,2.835700000000001,2.0,3.0,4.0
689,CHEMBL5207978,CC(=O)C[C@@]1(O)C(=O)C2=C3O[C@H](C)C(C)(C)[C@]3(O)C(=O)c3c(C)cc(O)c(c32)C1=O,intermediate,414.4100000000002,1.25962,3.0,8.0,5.508638306165727
690,CHEMBL5177969,CC(=O)C[C@]1(O)C(=O)C2=C3O[C@H](C)C(C)(C)[C@]3(O)C(=O)c3c(C)cc(O)c(c32)C1=O,inactive,414.4100000000002,1.25962,3.0,8.0,4.947690900352677
691,CHEMBL5177023,Cc1c(C#Cc2ccc(CN3CCC(CO)CC3)cc2)cc(C(F)F)c2cn(C(C(=O)Nc3nccs3)c3ncn4c3CCC43CC3)nc12,intermediate,681.8129999999994,6.202820000000006,2.0,9.0,5.522878745280337
692,CHEMBL429844,CC(C)C[C@H](N[C@@H](Cc1cncn1Cc1cc(Cl)cc(Cl)c1)C(=O)O)C(=O)O,inactive,428.31600000000014,3.322800000000001,3.0,5.0,5.0
693,CHEMBL5220314,CC(C)C[C@@H](N[C@@H](Cc1cncn1Cc1cc(Cl)cc(Cl)c1)C(=O)O)C(=O)O,inactive,428.31600000000014,3.322800000000001,3.0,5.0,4.399999967876858
694,CHEMBL5220968,CC(C)CC(N[C@@H](Cc1cncn1Cc1cc(Cl)cc(Cl)c1)C(=O)O)C(=O)O,inactive,428.31600000000014,3.322800000000001,3.0,5.0,4.399999967876858
695,CHEMBL445830,C[C@H](CS)C(=O)N1CSC[C@H]1C(=O)O,active,235.32999999999998,0.5384000000000001,2.0,4.0,6.429994423238211
696,CHEMBL5272875,C[C@H](CS)C(=O)N1CCS[C@H]1C(=O)O,active,235.32999999999998,0.5384,2.0,4.0,6.0800019690359814
697,CHEMBL75752,C[C@H](CS)C(=O)N1c2ccccc2C[C@H]1C(=O)O,active,265.334,1.5948,2.0,3.0,8.585026652029182
698,CHEMBL5275273,C[C@H](CS)C(=O)N1c2ccccc2CC[C@H]1C(=O)O,active,279.361,1.9848999999999999,2.0,3.0,7.6020599913279625
699,CHEMBL23351,O=C(O)C1c2ccccc2CCN1C(=O)CCS,intermediate,265.3339999999999,1.5169,2.0,3.0,5.7447274948966935
700,CHEMBL23467,O=C(O)C1Cc2sccc2CN1C(=O)CCS,active,271.36299999999994,1.4059,2.0,4.0,6.2076083105017466
701,CHEMBL5283805,O=C(O)[C@@H]1Cc2c([nH]c3ccccc23)CN1C(=O)CCS,active,304.37100000000004,1.8256999999999999,3.0,3.0,6.267606240177032
702,CHEMBL5267769,C[C@H](N[C@@H](CCc1ccccc1)C(=O)O)C(=O)N1Cc2ccccc2[C@H]1C(=O)O,active,396.44300000000015,2.2186,3.0,4.0,7.356547323513812
703,CHEMBL1201405,COc1cc2c(cc1OC)CN(C(=O)[C@H](C)N[C@@H](CCc1ccccc1)C(=O)O)[C@H](C(=O)O)C2,active,470.5220000000003,2.1058000000000003,3.0,6.0,8.522878745280337
704,CHEMBL5287967,C[C@H](N[C@@H](CCc1ccccc1)C(=O)O)C(=O)N1CCc2ccccc2[C@H]1C(=O)O,active,410.4700000000002,2.2610999999999994,3.0,4.0,8.236572006437063
705,CHEMBL1192519,O=C(O)CN1C(=O)[C@@H](N[C@@H](CCc2ccccc2)C(=O)O)CCc2ccccc21,active,396.4430000000002,2.0946000000000007,3.0,4.0,8.769551078621726
706,CHEMBL49920,C[C@H](NC(=O)[C@@H](CS)Cc1ccccc1)C(=O)N1Cc2ccccc2C[C@H]1C(=O)O,active,426.5380000000002,2.3179,3.0,4.0,7.853871964321762
707,CHEMBL50582,C[C@H](NC(=O)[C@@H](CS)Cc1ccccc1)C(=O)N1c2ccccc2C[C@H]1C(=O)O,active,412.51100000000014,2.3223000000000003,3.0,4.0,8.10790539730952
